App,KeyWords,App_Key_count
10 Best Foods for You,delicious,1
10 Best Foods for You,food,4
104 æ‰¾å·¥ä½?- æ‰¾å·¥ä½?æ‰¾æ‰“å·?æ‰¾å…¼è?å±¥æ­·å¥æª¢ å±¥æ­·è¨ºç™‚å®?Great,Positive,105
104 æ‰¾å·¥ä½?- æ‰¾å·¥ä½?æ‰¾æ‰“å·?æ‰¾å…¼è?å±¥æ­·å¥æª¢ å±¥æ­·è¨ºç™‚å®?nice,Positive,105
104 æ‰¾å·¥ä½?- æ‰¾å·¥ä½?æ‰¾æ‰“å·?æ‰¾å…¼è?å±¥æ­·å¥æª¢ å±¥æ­·è¨ºç™‚å®?Almost mobile phone,Neutral,40
"104 æ‰¾å·¥ä½?- æ‰¾å·¥ä½?æ‰¾æ‰“å·?æ‰¾å…¼è?å±¥æ­·å¥æª¢ å±¥æ­·è¨ºç™‚å®?""Very effective",efficient,1
"104 æ‰¾å·¥ä½?- æ‰¾å·¥ä½?æ‰¾æ‰“å·?æ‰¾å…¼è?å±¥æ­·å¥æª¢ å±¥æ­·è¨ºç™‚å®?""Very effective",convenient,2
"104 æ‰¾å·¥ä½?- æ‰¾å·¥ä½?æ‰¾æ‰“å·?æ‰¾å…¼è?å±¥æ­·å¥æª¢ å±¥æ­·è¨ºç™‚å®?""Very effective",available,2
104 æ‰¾å·¥ä½?- æ‰¾å·¥ä½?æ‰¾æ‰“å·?æ‰¾å…¼è?å±¥æ­·å¥æª¢ å±¥æ­·è¨ºç™‚å®?Easy intuitive,Positive,105
104 æ‰¾å·¥ä½?- æ‰¾å·¥ä½?æ‰¾æ‰“å·?æ‰¾å…¼è?å±¥æ­·å¥æª¢ å±¥æ­·è¨ºç™‚å®?good searching job internship,Positive,105
"104 æ‰¾å·¥ä½?- æ‰¾å·¥ä½?æ‰¾æ‰“å·?æ‰¾å…¼è?å±¥æ­·å¥æª¢ å±¥æ­·è¨ºç™‚å®?""Not bad",price,2
"104 æ‰¾å·¥ä½?- æ‰¾å·¥ä½?æ‰¾æ‰“å·?æ‰¾å…¼è?å±¥æ­·å¥æª¢ å±¥æ­·è¨ºç™‚å®?""Not bad",little,4
"104 æ‰¾å·¥ä½?- æ‰¾å·¥ä½?æ‰¾æ‰“å·?æ‰¾å…¼è?å±¥æ­·å¥æª¢ å±¥æ­·è¨ºç™‚å®?""Not bad",bit,3
"104 æ‰¾å·¥ä½?- æ‰¾å·¥ä½?æ‰¾æ‰“å·?æ‰¾å…¼è?å±¥æ­·å¥æª¢ å±¥æ­·è¨ºç™‚å®?""Not bad",expensive,2
104 æ‰¾å·¥ä½?- æ‰¾å·¥ä½?æ‰¾æ‰“å·?æ‰¾å…¼è?å±¥æ­·å¥æª¢ å±¥æ­·è¨ºç™‚å®?easy use!,Positive,105
104 æ‰¾å·¥ä½?- æ‰¾å·¥ä½?æ‰¾æ‰“å·?æ‰¾å…¼è?å±¥æ­·å¥æª¢ å±¥æ­·è¨ºç™‚å®?job search results iOS e.g. security,Neutral,40
104 æ‰¾å·¥ä½?- æ‰¾å·¥ä½?æ‰¾æ‰“å·?æ‰¾å…¼è?å±¥æ­·å¥æª¢ å±¥æ­·è¨ºç™‚å®?easy,Positive,105
"104 æ‰¾å·¥ä½?- æ‰¾å·¥ä½?æ‰¾æ‰“å·?æ‰¾å…¼è?å±¥æ­·å¥æª¢ å±¥æ­·è¨ºç™‚å®?""Well",largest,1
"104 æ‰¾å·¥ä½?- æ‰¾å·¥ä½?æ‰¾æ‰“å·?æ‰¾å…¼è?å±¥æ­·å¥æª¢ å±¥æ­·è¨ºç™‚å®?""Well",human,1
"104 æ‰¾å·¥ä½?- æ‰¾å·¥ä½?æ‰¾æ‰“å·?æ‰¾å…¼è?å±¥æ­·å¥æª¢ å±¥æ­·è¨ºç™‚å®?""Well",bank,3
104 æ‰¾å·¥ä½?- æ‰¾å·¥ä½?æ‰¾æ‰“å·?æ‰¾å…¼è?å±¥æ­·å¥æª¢ å±¥æ­·è¨ºç™‚å®?So,Neutral,40
104 æ‰¾å·¥ä½?- æ‰¾å·¥ä½?æ‰¾æ‰“å·?æ‰¾å…¼è?å±¥æ­·å¥æª¢ å±¥æ­·è¨ºç™‚å®?Very useful,Positive,105
104 æ‰¾å·¥ä½?- æ‰¾å·¥ä½?æ‰¾æ‰“å·?æ‰¾å…¼è?å±¥æ­·å¥æª¢ å±¥æ­·è¨ºç™‚å®?Helpful,Neutral,40
104 æ‰¾å·¥ä½?- æ‰¾å·¥ä½?æ‰¾æ‰“å·?æ‰¾å…¼è?å±¥æ­·å¥æª¢ å±¥æ­·è¨ºç™‚å®?Very good job hunt,Positive,105
104 æ‰¾å·¥ä½?- æ‰¾å·¥ä½?æ‰¾æ‰“å·?æ‰¾å…¼è?å±¥æ­·å¥æª¢ å±¥æ­·è¨ºç™‚å®?Easy to use.,Positive,105
104 æ‰¾å·¥ä½?- æ‰¾å·¥ä½?æ‰¾æ‰“å·?æ‰¾å…¼è?å±¥æ­·å¥æª¢ å±¥æ­·è¨ºç™‚å®?Good find job easily,Positive,105
104 æ‰¾å·¥ä½?- æ‰¾å·¥ä½?æ‰¾æ‰“å·?æ‰¾å…¼è?å±¥æ­·å¥æª¢ å±¥æ­·è¨ºç™‚å®?Good meet good,Positive,105
104 æ‰¾å·¥ä½?- æ‰¾å·¥ä½?æ‰¾æ‰“å·?æ‰¾å…¼è?å±¥æ­·å¥æª¢ å±¥æ­·è¨ºç™‚å®?Awesomeee,Neutral,40
104 æ‰¾å·¥ä½?- æ‰¾å·¥ä½?æ‰¾æ‰“å·?æ‰¾å…¼è?å±¥æ­·å¥æª¢ å±¥æ­·è¨ºç™‚å®?Why English version???,Neutral,40
"104 æ‰¾å·¥ä½?- æ‰¾å·¥ä½?æ‰¾æ‰“å·?æ‰¾å…¼è?å±¥æ­·å¥æª¢ å±¥æ­·è¨ºç™‚å®?""The operation interface & information content is richer than 1111",use/utility,1
"104 æ‰¾å·¥ä½?- æ‰¾å·¥ä½?æ‰¾æ‰“å·?æ‰¾å…¼è?å±¥æ­·å¥æª¢ å±¥æ­·è¨ºç™‚å®?""Is the development method completed in the early days",computer,3
"104 æ‰¾å·¥ä½?- æ‰¾å·¥ä½?æ‰¾æ‰“å·?æ‰¾å…¼è?å±¥æ­·å¥æª¢ å±¥æ­·è¨ºç™‚å®?""Is the development method completed in the early days",version,12
"104 æ‰¾å·¥ä½?- æ‰¾å·¥ä½?æ‰¾æ‰“å·?æ‰¾å…¼è?å±¥æ­·å¥æª¢ å±¥æ­·è¨ºç™‚å®?""Is the development method completed in the early days",mobile,8
"104 æ‰¾å·¥ä½?- æ‰¾å·¥ä½?æ‰¾æ‰“å·?æ‰¾å…¼è?å±¥æ­·å¥æª¢ å±¥æ­·è¨ºç™‚å®?""Is the development method completed in the early days",app,56
104 æ‰¾å·¥ä½?- æ‰¾å·¥ä½?æ‰¾æ‰“å·?æ‰¾å…¼è?å±¥æ­·å¥æª¢ å±¥æ­·è¨ºç™‚å®?This better suited possibly somebody understands pitfalls modern technology,Positive,105
104 æ‰¾å·¥ä½?- æ‰¾å·¥ä½?æ‰¾æ‰“å·?æ‰¾å…¼è?å±¥æ­·å¥æª¢ å±¥æ­·è¨ºç™‚å®?104 job hunt So amazing.. easy use.. thanx guys,Positive,105
"104 æ‰¾å·¥ä½?- æ‰¾å·¥ä½?æ‰¾æ‰“å·?æ‰¾å…¼è?å±¥æ­·å¥æª¢ å±¥æ­·è¨ºç™‚å®?""Convenient",easy,11
"104 æ‰¾å·¥ä½?- æ‰¾å·¥ä½?æ‰¾æ‰“å·?æ‰¾å…¼è?å±¥æ­·å¥æª¢ å±¥æ­·è¨ºç™‚å®?""Convenient",many,19
"104 æ‰¾å·¥ä½?- æ‰¾å·¥ä½?æ‰¾æ‰“å·?æ‰¾å…¼è?å±¥æ­·å¥æª¢ å±¥æ­·è¨ºç™‚å®?""Convenient",large,2
"104 æ‰¾å·¥ä½?- æ‰¾å·¥ä½?æ‰¾æ‰“å·?æ‰¾å…¼è?å±¥æ­·å¥æª¢ å±¥æ­·è¨ºç™‚å®?""Convenient",corporation,1
104 æ‰¾å·¥ä½?- æ‰¾å·¥ä½?æ‰¾æ‰“å·?æ‰¾å…¼è?å±¥æ­·å¥æª¢ å±¥æ­·è¨ºç™‚å®?Easy to use interface,Positive,105
104 æ‰¾å·¥ä½?- æ‰¾å·¥ä½?æ‰¾æ‰“å·?æ‰¾å…¼è?å±¥æ­·å¥æª¢ å±¥æ­·è¨ºç™‚å®?easy simple easy use.,Positive,105
104 æ‰¾å·¥ä½?- æ‰¾å·¥ä½?æ‰¾æ‰“å·?æ‰¾å…¼è?å±¥æ­·å¥æª¢ å±¥æ­·è¨ºç™‚å®?easy found job,Positive,105
104 æ‰¾å·¥ä½?- æ‰¾å·¥ä½?æ‰¾æ‰“å·?æ‰¾å…¼è?å±¥æ­·å¥æª¢ å±¥æ­·è¨ºç™‚å®?Useful This useful Chinese difficult people's read Chinese. If add English language useful.,Positive,105
"104 æ‰¾å·¥ä½?- æ‰¾å·¥ä½?æ‰¾æ‰“å·?æ‰¾å…¼è?å±¥æ­·å¥æª¢ å±¥æ­·è¨ºç™‚å®?""Selling a phone number? After completing the resume for 20 minutes",mobile,8
104 æ‰¾å·¥ä½?- æ‰¾å·¥ä½?æ‰¾æ‰“å·?æ‰¾å…¼è?å±¥æ­·å¥æª¢ å±¥æ­·è¨ºç™‚å®?Very helpful Very easy user-friendly. Brilliant app.,Positive,105
104 æ‰¾å·¥ä½?- æ‰¾å·¥ä½?æ‰¾æ‰“å·?æ‰¾å…¼è?å±¥æ­·å¥æª¢ å±¥æ­·è¨ºç™‚å®?Good Very helpful,Positive,105
"104 æ‰¾å·¥ä½?- æ‰¾å·¥ä½?æ‰¾æ‰“å·?æ‰¾å…¼è?å±¥æ­·å¥æª¢ å±¥æ­·è¨ºç™‚å®?""Very good",convenient,2
104 æ‰¾å·¥ä½?- æ‰¾å·¥ä½?æ‰¾æ‰“å·?æ‰¾å…¼è?å±¥æ­·å¥æª¢ å±¥æ­·è¨ºç™‚å®?Ok,Positive,105
11st,Horrible,3
11st,verification,1
1800 Contacts - Lens Store,hassle,1
1800 Contacts - Lens Store,free,10
1800 Contacts - Lens Store,way,14
1800 Contacts - Lens Store,order,5
1800 Contacts - Lens Store,call,1
1LINE â€?One Line with One Touch,*,1
1LINE â€?One Line with One Touch,ad,4
1LINE â€?One Line with One Touch,single,3
1LINE â€?One Line with One Touch,level,6
1LINE â€?One Line with One Touch,restart,2
21-Day Meditation Experience,Terrible,5
21-Day Meditation Experience,user-friendly,1
21-Day Meditation Experience,original,2
21-Day Meditation Experience,app,56
21-Day Meditation Experience,....,1
"2Date Dating App, Love and matching",good,51
"2Date Dating App, Love and matching",dating,1
"2Date Dating App, Love and matching",app,56
"2Date Dating App, Love and matching",lot,19
2GIS: directory & navigator,lot,19
2GIS: directory & navigator,excellent,6
2GIS: directory & navigator,map,2
2RedBeans,platform,1
2RedBeans,thank,2
2ndLine - Second Phone Number,good,51
2ndLine - Second Phone Number,problem,9
2ndLine - Second Phone Number,groupch,1
30 Day Fitness Challenge - Workout at Home,great,41
30 Day Fitness Challenge - Workout at Home,u,4
30 Day Fitness Challenge - Workout at Home,chest,1
30 Day Fitness Challenge - Workout at Home,ba,2
365Scores - Live Scores,amazing,5
4K Wallpapers and Ultra HD Backgrounds,Nice,11
4K Wallpapers and Ultra HD Backgrounds,r,5
591æˆ¿å±‹äº¤æ˜“-ç§Ÿå±‹ã€ä¸­å¤å±‹ã€æ–°å»ºæ¡ˆã€å¯¦åƒ¹ç™»éŒ„ã€åˆ¥å¢…é€å¤©ã€å…¬å¯“å¥—æˆ¿ã€æ·é‹ã€è²·æˆ¿è³£æˆ¿è¡Œæƒ…ã€æˆ¿åƒ¹æˆ¿è²¸æŸ¥è©?This good searching house.,Positive,105
"591æˆ¿å±‹äº¤æ˜“-ç§Ÿå±‹ã€ä¸­å¤å±‹ã€æ–°å»ºæ¡ˆã€å¯¦åƒ¹ç™»éŒ„ã€åˆ¥å¢…é€å¤©ã€å…¬å¯“å¥—æˆ¿ã€æ·é‹ã€è²·æˆ¿è³£æˆ¿è¡Œæƒ…ã€æˆ¿åƒ¹æˆ¿è²¸æŸ¥è©?""This app is basically a landlord/seller oriented",design,4
"591æˆ¿å±‹äº¤æ˜“-ç§Ÿå±‹ã€ä¸­å¤å±‹ã€æ–°å»ºæ¡ˆã€å¯¦åƒ¹ç™»éŒ„ã€åˆ¥å¢…é€å¤©ã€å…¬å¯“å¥—æˆ¿ã€æ·é‹ã€è²·æˆ¿è³£æˆ¿è¡Œæƒ…ã€æˆ¿åƒ¹æˆ¿è²¸æŸ¥è©?""This app is basically a landlord/seller oriented",user,5
"591æˆ¿å±‹äº¤æ˜“-ç§Ÿå±‹ã€ä¸­å¤å±‹ã€æ–°å»ºæ¡ˆã€å¯¦åƒ¹ç™»éŒ„ã€åˆ¥å¢…é€å¤©ã€å…¬å¯“å¥—æˆ¿ã€æ·é‹ã€è²·æˆ¿è³£æˆ¿è¡Œæƒ…ã€æˆ¿åƒ¹æˆ¿è²¸æŸ¥è©?""This app is basically a landlord/seller oriented",n,2
"591æˆ¿å±‹äº¤æ˜“-ç§Ÿå±‹ã€ä¸­å¤å±‹ã€æ–°å»ºæ¡ˆã€å¯¦åƒ¹ç™»éŒ„ã€åˆ¥å¢…é€å¤©ã€å…¬å¯“å¥—æˆ¿ã€æ·é‹ã€è²·æˆ¿è³£æˆ¿è¡Œæƒ…ã€æˆ¿åƒ¹æˆ¿è²¸æŸ¥è©?""I have given examples. What else is unclear? Are you not making money? What is the debug user's help? Would you like to send me a case? â€”â€”â€”â€”â€”â€”â€”â€”â€”â€”â€”â€”â€”â€”â€”â€”â€”â€”â€?Search and screening can be a little more rotten",result,1
"591æˆ¿å±‹äº¤æ˜“-ç§Ÿå±‹ã€ä¸­å¤å±‹ã€æ–°å»ºæ¡ˆã€å¯¦åƒ¹ç™»éŒ„ã€åˆ¥å¢…é€å¤©ã€å…¬å¯“å¥—æˆ¿ã€æ·é‹ã€è²·æˆ¿è³£æˆ¿è¡Œæƒ…ã€æˆ¿åƒ¹æˆ¿è²¸æŸ¥è©?""I have given examples. What else is unclear? Are you not making money? What is the debug user's help? Would you like to send me a case? â€”â€”â€”â€”â€”â€”â€”â€”â€”â€”â€”â€”â€”â€”â€”â€”â€”â€”â€?Search and screening can be a little more rotten",team,3
"591æˆ¿å±‹äº¤æ˜“-ç§Ÿå±‹ã€ä¸­å¤å±‹ã€æ–°å»ºæ¡ˆã€å¯¦åƒ¹ç™»éŒ„ã€åˆ¥å¢…é€å¤©ã€å…¬å¯“å¥—æˆ¿ã€æ·é‹ã€è²·æˆ¿è³£æˆ¿è¡Œæƒ…ã€æˆ¿åƒ¹æˆ¿è²¸æŸ¥è©?""I have given examples. What else is unclear? Are you not making money? What is the debug user's help? Would you like to send me a case? â€”â€”â€”â€”â€”â€”â€”â€”â€”â€”â€”â€”â€”â€”â€”â€”â€”â€”â€?Search and screening can be a little more rotten",screene,1
591æˆ¿å±‹äº¤æ˜“-ç§Ÿå±‹ã€ä¸­å¤å±‹ã€æ–°å»ºæ¡ˆã€å¯¦åƒ¹ç™»éŒ„ã€åˆ¥å¢…é€å¤©ã€å…¬å¯“å¥—æˆ¿ã€æ·é‹ã€è²·æˆ¿è³£æˆ¿è¡Œæƒ…ã€æˆ¿åƒ¹æˆ¿è²¸æŸ¥è©?Rotten.... Pushing the broadcast has been pushed. Rotten....,Neutral,40
591æˆ¿å±‹äº¤æ˜“-ç§Ÿå±‹ã€ä¸­å¤å±‹ã€æ–°å»ºæ¡ˆã€å¯¦åƒ¹ç™»éŒ„ã€åˆ¥å¢…é€å¤©ã€å…¬å¯“å¥—æˆ¿ã€æ·é‹ã€è²·æˆ¿è³£æˆ¿è¡Œæƒ…ã€æˆ¿åƒ¹æˆ¿è²¸æŸ¥è©?Need phone permission? No way.,Neutral,40
591æˆ¿å±‹äº¤æ˜“-ç§Ÿå±‹ã€ä¸­å¤å±‹ã€æ–°å»ºæ¡ˆã€å¯¦åƒ¹ç™»éŒ„ã€åˆ¥å¢…é€å¤©ã€å…¬å¯“å¥—æˆ¿ã€æ·é‹ã€è²·æˆ¿è³£æˆ¿è¡Œæƒ…ã€æˆ¿åƒ¹æˆ¿è²¸æŸ¥è©?No english Such shame,Neutral,40
"591æˆ¿å±‹äº¤æ˜“-ç§Ÿå±‹ã€ä¸­å¤å±‹ã€æ–°å»ºæ¡ˆã€å¯¦åƒ¹ç™»éŒ„ã€åˆ¥å¢…é€å¤©ã€å…¬å¯“å¥—æˆ¿ã€æ·é‹ã€è²·æˆ¿è³£æˆ¿è¡Œæƒ…ã€æˆ¿åƒ¹æˆ¿è²¸æŸ¥è©?""Personal collection can't synchronize with the web version. The same account is added to the collection on the computer. After the app is logged in",none,2
"591æˆ¿å±‹äº¤æ˜“-ç§Ÿå±‹ã€ä¸­å¤å±‹ã€æ–°å»ºæ¡ˆã€å¯¦åƒ¹ç™»éŒ„ã€åˆ¥å¢…é€å¤©ã€å…¬å¯“å¥—æˆ¿ã€æ·é‹ã€è²·æˆ¿è³£æˆ¿è¡Œæƒ…ã€æˆ¿åƒ¹æˆ¿è²¸æŸ¥è©?""Essential This essential foreigners living Taiwan",sure,3
"591æˆ¿å±‹äº¤æ˜“-ç§Ÿå±‹ã€ä¸­å¤å±‹ã€æ–°å»ºæ¡ˆã€å¯¦åƒ¹ç™»éŒ„ã€åˆ¥å¢…é€å¤©ã€å…¬å¯“å¥—æˆ¿ã€æ·é‹ã€è²·æˆ¿è³£æˆ¿è¡Œæƒ…ã€æˆ¿åƒ¹æˆ¿è²¸æŸ¥è©?""Essential This essential foreigners living Taiwan",English,3
"591æˆ¿å±‹äº¤æ˜“-ç§Ÿå±‹ã€ä¸­å¤å±‹ã€æ–°å»ºæ¡ˆã€å¯¦åƒ¹ç™»éŒ„ã€åˆ¥å¢…é€å¤©ã€å…¬å¯“å¥—æˆ¿ã€æ·é‹ã€è²·æˆ¿è³£æˆ¿è¡Œæƒ…ã€æˆ¿åƒ¹æˆ¿è²¸æŸ¥è©?""Essential This essential foreigners living Taiwan",simple,7
"591æˆ¿å±‹äº¤æ˜“-ç§Ÿå±‹ã€ä¸­å¤å±‹ã€æ–°å»ºæ¡ˆã€å¯¦åƒ¹ç™»éŒ„ã€åˆ¥å¢…é€å¤©ã€å…¬å¯“å¥—æˆ¿ã€æ·é‹ã€è²·æˆ¿è³£æˆ¿è¡Œæƒ…ã€æˆ¿åƒ¹æˆ¿è²¸æŸ¥è©?""Essential This essential foreigners living Taiwan",translate,3
"591æˆ¿å±‹äº¤æ˜“-ç§Ÿå±‹ã€ä¸­å¤å±‹ã€æ–°å»ºæ¡ˆã€å¯¦åƒ¹ç™»éŒ„ã€åˆ¥å¢…é€å¤©ã€å…¬å¯“å¥—æˆ¿ã€æ·é‹ã€è²·æˆ¿è³£æˆ¿è¡Œæƒ…ã€æˆ¿åƒ¹æˆ¿è²¸æŸ¥è©?""APP can't post """"top let""""!""",Positive,105
"591æˆ¿å±‹äº¤æ˜“-ç§Ÿå±‹ã€ä¸­å¤å±‹ã€æ–°å»ºæ¡ˆã€å¯¦åƒ¹ç™»éŒ„ã€åˆ¥å¢…é€å¤©ã€å…¬å¯“å¥—æˆ¿ã€æ·é‹ã€è²·æˆ¿è³£æˆ¿è¡Œæƒ…ã€æˆ¿åƒ¹æˆ¿è²¸æŸ¥è©?""What guys Tencent? There's folder called /tencent/Tpush/ installed root directory internal storage updated latest version. The log directory show receiving pushed contents com.tencent.andriod.tpush.action.SDK. Your shows Taiwan company",Chinese,2
"591æˆ¿å±‹äº¤æ˜“-ç§Ÿå±‹ã€ä¸­å¤å±‹ã€æ–°å»ºæ¡ˆã€å¯¦åƒ¹ç™»éŒ„ã€åˆ¥å¢…é€å¤©ã€å…¬å¯“å¥—æˆ¿ã€æ·é‹ã€è²·æˆ¿è³£æˆ¿è¡Œæƒ…ã€æˆ¿åƒ¹æˆ¿è²¸æŸ¥è©?""What guys Tencent? There's folder called /tencent/Tpush/ installed root directory internal storage updated latest version. The log directory show receiving pushed contents com.tencent.andriod.tpush.action.SDK. Your shows Taiwan company",company,3
591æˆ¿å±‹äº¤æ˜“-ç§Ÿå±‹ã€ä¸­å¤å±‹ã€æ–°å»ºæ¡ˆã€å¯¦åƒ¹ç™»éŒ„ã€åˆ¥å¢…é€å¤©ã€å…¬å¯“å¥—æˆ¿ã€æ·é‹ã€è²·æˆ¿è³£æˆ¿è¡Œæƒ…ã€æˆ¿åƒ¹æˆ¿è²¸æŸ¥è©?Language Is English option?,Neutral,40
"591æˆ¿å±‹äº¤æ˜“-ç§Ÿå±‹ã€ä¸­å¤å±‹ã€æ–°å»ºæ¡ˆã€å¯¦åƒ¹ç™»éŒ„ã€åˆ¥å¢…é€å¤©ã€å…¬å¯“å¥—æˆ¿ã€æ·é‹ã€è²·æˆ¿è³£æˆ¿è¡Œæƒ…ã€æˆ¿åƒ¹æˆ¿è²¸æŸ¥è©?""Please fix the update",house,2
"591æˆ¿å±‹äº¤æ˜“-ç§Ÿå±‹ã€ä¸­å¤å±‹ã€æ–°å»ºæ¡ˆã€å¯¦åƒ¹ç™»éŒ„ã€åˆ¥å¢…é€å¤©ã€å…¬å¯“å¥—æˆ¿ã€æ·é‹ã€è²·æˆ¿è³£æˆ¿è¡Œæƒ…ã€æˆ¿åƒ¹æˆ¿è²¸æŸ¥è©?""Please fix the update",information,3
591æˆ¿å±‹äº¤æ˜“-ç§Ÿå±‹ã€ä¸­å¤å±‹ã€æ–°å»ºæ¡ˆã€å¯¦åƒ¹ç™»éŒ„ã€åˆ¥å¢…é€å¤©ã€å…¬å¯“å¥—æˆ¿ã€æ·é‹ã€è²·æˆ¿è³£æˆ¿è¡Œæƒ…ã€æˆ¿åƒ¹æˆ¿è²¸æŸ¥è©?REQUEST!! English version please!,Neutral,40
591æˆ¿å±‹äº¤æ˜“-é¦™æ¸¯,store,2
591æˆ¿å±‹äº¤æ˜“-é¦™æ¸¯,fil,1
7 Cups: Anxiety & Stress Chat,talk,1
7 Cups: Anxiety & Stress Chat,help,3
850 Sports News Digest,Amazing,5
850 Sports News Digest,simplicity,1
850 Sports News Digest,app,56
850 Sports News Digest,favo,1
8fit Workouts & Meal Planner,plenty,1
8fit Workouts & Meal Planner,doable,1
8fit Workouts & Meal Planner,recip,1
95Live -SG#1 Live Streaming App,Chinese,2
95Live -SG#1 Live Streaming App,wish,5
95Live -SG#1 Live Streaming App,version,12
95Live -SG#1 Live Streaming App,app,56
A Call From Santa Claus!,guest,1
A Call From Santa Claus!,login,3
A&E - Watch Full Episodes of TV Shows,good,51
A&E - Watch Full Episodes of TV Shows,app,56
A&E - Watch Full Episodes of TV Shows,ddisappoint,1
ABC Kids - Tracing & Phonics,sound,5
ABC Kids - Tracing & Phonics,play,2
ABC Kids - Tracing & Phonics,lou,1
ABC News - US & World News,lot,19
ABC News - US & World News,E,4
ABCmouse.com,concern,1
ABCmouse.com,trading,1
ABCmouse.com,game,53
"AC - Tips & News for Androidâ„?""Absolutely horrible",able,7
"AC - Tips & News for Androidâ„?""Absolutely horrible",open,3
AC - Tips & News for Androidâ„?What world going app? It longer opens phones (except Note 8) Mobile Nations respond emails.,Positive,105
AC - Tips & News for Androidâ„?Can't open app. Crashes every single time I attempt open Galaxy S7 w/ 8.0 update.,Negative,24
AC - Tips & News for Androidâ„?The worst! I can't even log in! It take username I tried!! And I tried create account using 2 diff emails!,Negative,24
"AC - Tips & News for Androidâ„?""Too many ads lot good write ups. Sometimes",incomplete,1
"AC - Tips & News for Androidâ„?""Too many ads lot good write ups. Sometimes",article,2
"AC - Tips & News for Androidâ„?""Ads everywhere",impossible,1
"AC - Tips & News for Androidâ„?""Ads everywhere",scroll,1
"AC - Tips & News for Androidâ„?""Ads everywhere",news,8
AC - Tips & News for Androidâ„?Used love app. Now unreadable amount ads have. Good job ruining good thing.,Positive,105
AC - Tips & News for Androidâ„?crashes immediately. Hasn't fixed month.,Positive,105
AC - Tips & News for Androidâ„?The ads much flashing jumping around cannot even read articles. Deleted,Positive,105
AC - Tips & News for Androidâ„?Ads jump around making difficult read articles,Negative,24
"AC - Tips & News for Androidâ„?""Android Central awesome. Great source information device upcoming updates",tech,1
"AC - Tips & News for Androidâ„?""Android Central awesome. Great source information device upcoming updates",news,8
"AC - Tips & News for Androidâ„?""Android Central awesome. Great source information device upcoming updates",update,19
"AC - Tips & News for Androidâ„?""Android Central awesome. Great source information device upcoming updates",..,1
AC - Tips & News for Androidâ„?Will open. Has like bit.,Neutral,40
AC - Tips & News for Androidâ„?I like info Android topics,Neutral,40
AC - Tips & News for Androidâ„?Needs updated better sync news. The refresh takes forever load...,Positive,105
AC - Tips & News for Androidâ„?Is android phone,Neutral,40
AC - Tips & News for Androidâ„?One favorite news,Positive,105
AC - Tips & News for Androidâ„?Great news site mediocre app. Ads/Sponsors hard distinguish appear like normal articles. Search mostly useless can't sort results. At least default search results news recent please.,Negative,24
AC - Tips & News for Androidâ„?I wanted find get floating initial phone comes I text person.,Neutral,40
AC - Tips & News for Androidâ„?Trouble setting FREE account! Stupid! Totally frustrated. Uninstalling now.,Negative,24
AC - Tips & News for Androidâ„?Why can't I enter unanswered question app? Plus fix bug.,Negative,24
"AC - Tips & News for Androidâ„?""Asked question",answer,1
"AC - Tips & News for Androidâ„?""Asked question",yet.â˜¹ï¸,1
AC - Tips & News for Androidâ„?I enjoy articles forums.... I PS4 VR!!! Can't beat :),Positive,105
AC - Tips & News for Androidâ„?The refresh button work widget. Nothing happens I tap it. ZTE Blade Z Max. UPDATE: It started work I reported this. So apparently unresponsive while.,Positive,105
"AC - Tips & News for Androidâ„?""Used hub good articles",full,3
"AC - Tips & News for Androidâ„?""Used hub good articles",partner,2
"AC - Tips & News for Androidâ„?""Used hub good articles",mattress,1
"AC - Tips & News for Androidâ„?""A big THANK YOU devs making already great even better. Love night mode abundance font size options",small,2
"AC - Tips & News for Androidâ„?""A big THANK YOU devs making already great even better. Love night mode abundance font size options",screen,3
"AC - Tips & News for Androidâ„?""Previously used work better . But crashing ",news,8
"AC - Tips & News for Androidâ„?""Previously used work better . But crashing ",closing,1
AC - Tips & News for Androidâ„?Completely froze phone. No response screen buttons. Had force restart. Uninstalled.,Positive,105
AC - Tips & News for Androidâ„?Concise answers questions usual.,Negative,24
AC - Tips & News for Androidâ„?New TOS data collection.. I'm out!!! (Uninstalled),Positive,105
AC - Tips & News for Androidâ„?Okay I'm gonna go see three times freezer,Positive,105
"AC - Tips & News for Androidâ„?""Good good articles",much,14
"AC - Tips & News for Androidâ„?""Good good articles",simple,7
"AC - Tips & News for Androidâ„?""Good good articles",thin,1
"AC - Tips & News for Androidâ„?""This used good",garbage,1
"AC - Tips & News for Androidâ„?""This used good",yesterday,4
"AC - Tips & News for Androidâ„?""Log process grueling... User name password work app",mobile,8
"AC - Tips & News for Androidâ„?""Log process grueling... User name password work app",site,1
"AC - Tips & News for Androidâ„?""Full adds what's worst pay get ad free year yet starts showing ads year ended. Even paying still get tons ads disguised news articles really news",shady,1
"AC - Tips & News for Androidâ„?""This become Ad Central rather Android Central. I originally liked I could pay support site I love eliminate ads",includ,1
"AD - Nieuws, Sport, Regio & Entertainment",nothing,6
"AD - Nieuws, Sport, Regio & Entertainment",new,17
"AD - Nieuws, Sport, Regio & Entertainment",swipe,1
"AOL - News, Mail & Video",Best,16
"AOL - News, Mail & Video",way,14
"AOL - News, Mail & Video",day,6
"AOL - News, Mail & Video",ba,2
AP Mobile - Breaking News,Overall,8
AP Mobile - Breaking News,great,41
AP Mobile - Breaking News,last,5
AP Mobile - Breaking News,couple,7
APE Weather ( Live Forecast),automatic,2
APE Weather ( Live Forecast),weather,3
APE Weather ( Live Forecast),update,19
APE Weather ( Live Forecast),start,3
APE Weather ( Live Forecast),intui,1
"APUS Launcher - Theme, Wallpaper, Hide Apps",launcher,2
ARY NEWS,previous,2
ARY NEWS,version,12
ARY NEWS,live,2
ARY NEWS,news,8
ARY NEWS,s,3
ASUS Cover for ZenFone 2,option,3
ASUS Cover for ZenFone 2,customise,1
ASUS Cover for ZenFone 2,app,56
AT&T Visual Voicemail,app,56
AT&T Visual Voicemail,Visual,1
AT&T Visual Voicemail,voicemail,2
AT&T Visual Voicemail,phon,4
"AVG Cleaner â€?Speed, Battery & Memory Booster",time,26
"AVG Cleaner â€?Speed, Battery & Memory Booster",track,3
"AVG Cleaner â€?Speed, Battery & Memory Booster",everything,4
"AVG Cleaner â€?Speed, Battery & Memory Booster",program,1
"AVG Cleaner â€?Speed, Battery & Memory Booster",man,1
Abs Training-Burn belly fat,day,6
Abs Training-Burn belly fat,great,41
Abs Training-Burn belly fat,second,4
Abs Training-Burn belly fat,day,6
Abs Training-Burn belly fat,today,1
Abs Training-Burn belly fat,lit,1
Accounting App - Zoho Books,report,1
Accounting App - Zoho Books,web,1
AccuWeather: Daily Forecast & Live Weather Reports,open,3
AccuWeather: Daily Forecast & Live Weather Reports,love,6
Acorn TV: World-class TV from Britain and Beyond,content,3
Acorn TV: World-class TV from Britain and Beyond,terrible,5
Acorn TV: World-class TV from Britain and Beyond,acorntv,1
Acorn TV: World-class TV from Britain and Beyond,mu,2
Ada - Your Health Guide,helpful,5
Adobe Acrobat Reader,fact,1
Adobe Photoshop Express:Photo Editor Collage Maker,lot,19
Adobe Photoshop Express:Photo Editor Collage Maker,col,1
Agar.io,game,53
Agar.io,great,41
Age Calculator,awesome,7
Agoda â€?Hotel Booking Deals,alert,1
Agoda â€?Hotel Booking Deals,give,2
Agoda â€?Hotel Booking Deals,po,1
Air Traffic,aircraft,1
Air Traffic,house,2
Air Traffic,much,14
Airport + Flight Tracker Radar,*,1
Airport + Flight Tracker Radar,*,1
Airport + Flight Tracker Radar,airport,1
Airport + Flight Tracker Radar,mother,2
Airport + Flight Tracker Radar,l,3
Airway Ex - Intubate. Anesthetize. Train.,tool,1
Airway Ex - Intubate. Anesthetize. Train.,anatomy,2
Airway Ex - Intubate. Anesthetize. Train.,pr,1
Akinator,good,51
AlReader -any text book reader,best,16
AlReader -any text book reader,ebook,1
AlReader -any text book reader,app,56
AlReader -any text book reader,s,3
Alarm Clock,day,6
Alarm Clock,late,1
Alarm Clock,appointment,1
Alarm Clock Free,many,19
Alfred Home Security Camera,tin,1
Alfred Home Security Camera,spare,1
Alfred Home Security Camera,seldo,1
"AliExpress - Smarter Shopping, Better Living",try,4
"AliExpress - Smarter Shopping, Better Living",purchase,1
"AliExpress - Smarter Shopping, Better Living",item,1
"AliExpress - Smarter Shopping, Better Living",payment,2
All Events in City,useful,8
All Events in City,responsive,1
All Events in City,seriou,1
All Football - Latest News & Videos,ev,1
"All Football GO- Live Score, Games",Good,51
"All Football GO- Live Score, Games",app,56
"All Football GO- Live Score, Games",wonderful,2
"All Football GO- Live Score, Games",news,8
"All Football GO- Live Score, Games",tr,1
All Language Translator Free,write,1
All Language Translator Free,translate,3
All Language Translator Free,word,1
All Language Translator Free,phrase,1
All Language Translator Free,language,2
All Maths Formulas,second,4
All Maths Formulas,math,1
All Maths Formulas,subject,1
All Maths Formulas,nice,11
All Mental disorders,genius,1
All Social Networks,waste,2
All Social Networks,time,26
All Social Networks,app,56
All Video Downloader 2018,grand,1
All Video Downloader 2018,neo,1
All Video Downloader 2018,....,1
All Video Downloader 2018,i,6
"All-In-One Toolbox: Cleaner, Booster, App Manager",pop-up,1
"All-In-One Toolbox: Cleaner, Booster, App Manager",....,1
All-in-One Mahjong 3 FREE,lack,1
All-in-One Mahjong 3 FREE,room,1
All-in-One Mahjong 3 FREE,phone,20
Allrecipes Dinner Spinner,awesomeness,1
Allrecipes Dinner Spinner,y,1
Alto's Adventure,guys,2
Alto's Adventure,game,53
Alto's Adventure,im,2
Alto's Adventure,thi,2
Amazon Drive,Useable,1
Amazon Drive,sim,3
Amazon Kindle,experience,4
Amazon Kindle,intuitive,4
Amex Mobile,reason,6
Amex Mobile,recen,1
Amino: Communities and Chats,fun,11
Amino: Communities and Chats,mess,1
Amino: Communities and Chats,many,19
Amtrak,reservation,1
Amtrak,number,2
Anatomy Learning - 3D Atlas,Â¡Me,1
Anatomy Learning - 3D Atlas,encanta,1
Anatomy Learning - 3D Atlas,grateful,2
Ancestry,Overall,8
Ancestry,nothing,6
Ancestry,major,2
Ancestry,unbear,1
AndroZipâ„?FREE File Manager,search,5
AndroZipâ„?FREE File Manager,card,5
"Android Auto - Maps, Media, Messaging & Voice",drive,1
"Android Auto - Maps, Media, Messaging & Voice",car,2
"Android Auto - Maps, Media, Messaging & Voice",phone,20
"Android Auto - Maps, Media, Messaging & Voice",dash,1
"Android Auto - Maps, Media, Messaging & Voice",run,1
Android Messages,text,1
Android Messages,entry,1
Android Messages,field,1
Android Messages,al,1
Angry Birds 2,much,14
Angry Birds 2,fun,11
Angry Birds 2,addictive,4
Angry Birds 2,brain,1
Angry Birds 2,teaser,1
Angry Birds Classic,many,19
Angry Birds Classic,Angry,1
Angry Birds Rio,game,53
Angry Birds Rio,level,6
Angry Birds Rio,pop,2
Angry Birds Rio,ups,1
Angry Birds Rio,get,6
Angry Birds Rio,pow,1
Animated Photo Editor,awesome,7
Animated Photo Editor,app,56
Animated Photo Editor,Wish,5
Anthem Anywhere,use,6
Anthem Anywhere,slow,5
Anthem Anywhere,constant,1
Anthem Anywhere,update,19
Anthem Anywhere,co,3
Anthem BC Anywhere,glitchy,2
Anthem BC Anywhere,piece,1
Anthem BC Anywhere,so-and-so,1
"Any.do: To-do list, Calendar, Reminders & Planner",press,2
"Any.do: To-do list, Calendar, Reminders & Planner",re-order,1
"Any.do: To-do list, Calendar, Reminders & Planner",wel,1
"Apartment, Home Rental Search: Realtor.com Rentals",mumbai,1
"Apartment, Home Rental Search: Realtor.com Rentals",African,1
"Apartment, Home Rental Search: Realtor.com Rentals",country,1
Apex Launcher,helpful,5
Apex Launcher,developer,4
Apex Launcher,new,17
Apk Installer,great,41
AppLock - Fingerprint,lock,1
AppLock - Fingerprint,delay,1
AppLock - Fingerprint,OK,9
AppLock - Fingerprint,password,4
"Apple Daily è˜‹æœå‹•æ–°è?""Advertising washes and washes L",stock,2
"Apple Daily è˜‹æœå‹•æ–°è?""Advertising washes and washes L",price,2
"Apple Daily è˜‹æœå‹•æ–°è?""Advertising washes and washes L",top,2
"Apple Daily è˜‹æœå‹•æ–°è?""Data consumption huge",plz,2
"Apple Daily è˜‹æœå‹•æ–°è?""Data consumption huge",asap,1
Apple Daily è˜‹æœå‹•æ–°è?Come on Real Madrid!,Positive,105
"Apple Daily è˜‹æœå‹•æ–°è?""Ads pop-up times sensitive u accidentally easily. Even worse clicking ads",restore,1
"Apple Daily è˜‹æœå‹•æ–°è?""Ads pop-up times sensitive u accidentally easily. Even worse clicking ads",ro,1
"Apple Daily è˜‹æœå‹•æ–°è?""Ads pop-up times sensitive u accidentally easily. Even worse clicking ads",news,8
"Apple Daily è˜‹æœå‹•æ–°è?""Ads pop-up times sensitive u accidentally easily. Even worse clicking ads",reading,1
Apple Daily è˜‹æœå‹•æ–°è?black screen still 1026 hrs 18 May 2018,Negative,24
Apple Daily è˜‹æœå‹•æ–°è?Everything alright used period of time. But data consumption becomes huge recent update.,Positive,105
Apple Daily è˜‹æœå‹•æ–°è?chromecast / google cast function please!,Neutral,40
Apple Daily è˜‹æœå‹•æ–°è?The ads annoying.,Negative,24
"Apple Daily è˜‹æœå‹•æ–°è?""More and more people are irritating",power,1
Apple Daily è˜‹æœå‹•æ–°è?Not working. Show blank screen.,Neutral,40
Apple Daily è˜‹æœå‹•æ–°è?Can there be a setting to make it not display images?,Neutral,40
Apple Daily è˜‹æœå‹•æ–°è?Continuous improvement and perfection. it is good! Please improve to support Chrome OS. Thank you!,Positive,105
Apple Daily è˜‹æœå‹•æ–°è?Not working.... juz black screen,Negative,24
Apple Daily è˜‹æœå‹•æ–°è?Completely solve the problem of bombing app. Do you want me to report to you?,Positive,105
Apple Daily è˜‹æœå‹•æ–°è?Anti-support must support!,Neutral,40
Apple Daily è˜‹æœå‹•æ–°è?The crashes constantly upgrading latest version. Very buggy overloaded ads affect viewing experience. A big thumbs down!,Positive,105
"Apple Daily è˜‹æœå‹•æ–°è?""Keep crashing",close,4
Apple Daily è˜‹æœå‹•æ–°è?New version shut suddenly,Positive,105
"Apple Daily è˜‹æœå‹•æ–°è?""Keep receiving Apple news notification",good,51
"Apple Daily è˜‹æœå‹•æ–°è?""Keep receiving Apple news notification",nuisance,1
"Apple Daily è˜‹æœå‹•æ–°è?""Since the update is finished",Japanese,2
"Apple Daily è˜‹æœå‹•æ–°è?""Since the update is finished",app,56
Apple Daily è˜‹æœå‹•æ–°è?I used the old machine update to app. Update is open to open. ((æ— è¨€)),Positive,105
Apple Daily è˜‹æœå‹•æ–°è?The work.,Neutral,40
Apple Daily è˜‹æœå‹•æ–°è?Suddenly close update.,Neutral,40
Apple Daily è˜‹æœå‹•æ–°è?Force stop often.,Neutral,40
Apple Daily è˜‹æœå‹•æ–°è?Always forced,Negative,24
Apple Daily è˜‹æœå‹•æ–°è?Keep playing app and messing up.,Neutral,40
Apple Daily è˜‹æœå‹•æ–°è?Crush &bug,Neutral,40
"Apple Daily è˜‹æœå‹•æ–°è?""So annoying! Every time go back is the first news back to the previous board. If you want to drop the dd news",several,3
"Apple Daily è˜‹æœå‹•æ–°è?""So annoying! Every time go back is the first news back to the previous board. If you want to drop the dd news",time,26
"Apple Daily è˜‹æœå‹•æ–°è?""For many years",category,1
Apple Daily è˜‹æœå‹•æ–°è?Hangs every time update,Neutral,40
Aprender inglÃ©s con Wlingua,good,51
Aprender inglÃ©s con Wlingua,application,3
Archos File Manager,update,19
Arrow.io,samsung,2
Arrow.io,duos,1
Arrow.io,bit,3
Asana: organize team projects,feature,3
Asana: organize team projects,parity,1
Asana: organize team projects,mobile,8
Asana: organize team projects,ex,1
Ascape VR: 360Â° Virtual Travel,Overall,8
Ascape VR: 360Â° Virtual Travel,impressive,1
Ascape VR: 360Â° Virtual Travel,start,3
Ascape VR: 360Â° Virtual Travel,map,2
Ascape VR: 360Â° Virtual Travel,view,2
Ascape VR: 360Â° Virtual Travel,pick,2
Ascape VR: 360Â° Virtual Travel,e,4
Asphalt 8: Airborne,good,51
Asphalt 8: Airborne,gameplay,2
Asphalt 8: Airborne,good,51
Asphalt 8: Airborne,matter,1
Asphalt 8: Airborne,st,3
Associated Credit Union Mobile,Overall,8
Associated Credit Union Mobile,bad,7
Associated Credit Union Mobile,downfall,1
Associated Credit Union Mobile,bill,1
Associated Credit Union Mobile,pay,4
Associated Credit Union Mobile,pendi,1
Asteroids 3D live wallpaper,ti,1
AutoCAD - DWG Viewer & Editor,design,4
AutoCAD - DWG Viewer & Editor,electrical,1
AutoScout24 Switzerland â€?Find your new car,self,3
AutoScout24 Switzerland â€?Find your new car,Autoscout24,1
Aviary Effects: Classic,filter,1
Aviary Stickers: Free Pack,good,51
Aviary Stickers: Free Pack,freeware,1
Aviary Stickers: Free Pack,aware,1
Aviary Stickers: Free Pack,limited,1
Aviary Stickers: Free Pack,st,3
Azar,worst,7
Azar,single,3
Azar,thing,5
Azar,pay,4
Azar,conv,1
Azpen eReader,couple,7
BBC Sport,point,2
BBM - Free Calls & Messages,time,26
BBM - Free Calls & Messages,unlik,1
BBM - Free Calls & Messages,apps,4
BBM - Free Calls & Messages,U,4
BBVA Compass Banking,Best,16
BBVA Compass Banking,banking,1
BBW Dating & Curvy Singles Chat- LargeFriends,OK,9
BBW Dating & Plus Size Chat,trash,4
BBWCupid - BBW Dating App,Terrible,5
BBWCupid - BBW Dating App,app,56
BBWCupid - BBW Dating App,Unless,1
BBWCupid - BBW Dating App,pay,4
BET NOW - Watch Shows,availab,1
BEYBLADE BURST app,Awesome,7
BEYBLADE BURST app,game,53
BEYBLADE BURST app,great,41
BEYBLADE BURST app,idea,3
BEYBLADE BURST app,u,4
BIG Launcher,simple,7
BIG Launcher,year,7
BIG Launcher,old,9
BIG Launcher,use,6
BIG Launcher,bugs,1
BIG Launcher,O,2
BLK - Swipe. Match. Chat.,trash,4
BLK - Swipe. Match. Chat.,good,51
BLK - Swipe. Match. Chat.,stop,2
BZWBK24 mobile,application,3
BZWBK24 mobile,correct,1
BZWBK24 mobile,design,4
BZWBK24 mobile,lea,1
BaBe Lite - Baca Berita Hemat Kuota,information,3
Babbel â€?Learn Languages,French,1
Babbel â€?Learn Languages,German,1
Babbel â€?Learn Languages,second,4
Babbel â€?Learn Spanish,good,51
Babbel â€?Learn Spanish,little,4
Baby ABC in box! Kids alphabet games for toddlers!,developer,4
Baby ABC in box! Kids alphabet games for toddlers!,way,14
Baby ABC in box! Kids alphabet games for toddlers!,expensive,2
Baby ABC in box! Kids alphabet games for toddlers!,easy,11
Baby ABC in box! Kids alphabet games for toddlers!,self,3
Baby ABC in box! Kids alphabet games for toddlers!,promot,1
Baby Monitor,old,9
Baby Monitor,phone,20
Baby Monitor,sim,3
Baby Monitor,card,5
Baby Monitor,phone,20
Baby Monitor,app,56
Baby Name Together,app,56
Baby Name Together,lots,1
Baby Name Together,easy,11
Baby Name Together,use,6
Baby Panda Musical Genius,many,19
Baby Panda Musical Genius,toddler,1
Baby Pandaâ€™s Juice Shop,interesting,2
Baby Pandaâ€™s Juice Shop,game,53
Baby puzzles,year,7
Baby puzzles,old,9
Backgrounds (HD Wallpapers),couple,7
Backgrounds (HD Wallpapers),hit,2
Backgrounds (HD Wallpapers),end,2
Backgrounds HD (Wallpapers),situ,1
BaconReader for Reddit,great,41
BaconReader for Reddit,incapable,1
BaconReader for Reddit,unwi,1
Badoo - Free Chat & Dating App,biggest,1
Badoo - Free Chat & Dating App,BS,1
Badoo - Free Chat & Dating App,sw,1
Bagan - Myanmar Keyboard,updated,3
Bagan - Myanmar Keyboard,hands-room,1
Bagan - Myanmar Keyboard,ke,2
Banco ItaÃº,new,17
Banco ItaÃº,hand,1
Banco do Brasil,bank,3
Banco do Brasil,joke,2
Banco do Brasil,appl,1
Bancomer mÃ³vil,mistake,1
Bancomer mÃ³vil,t,2
Banfield Pet Health Tracker,important,3
Banfield Pet Health Tracker,info,1
Banfield Pet Health Tracker,pet,1
Banfield Pet Health Tracker,h,1
Bangla Newspaper â€?Prothom Alo,app,56
Bangla Newspaper â€?Prothom Alo,slow,5
Bangla Newspaper â€?Prothom Alo,much,14
Bangla Newspaper â€?Prothom Alo,time,26
Bangla Newspaper â€?Prothom Alo,vie,1
Banjo,location,1
Banjo,mining,1
Banjo,loc,1
Bank of America Mobile Banking,new,17
Bank of America Mobile Banking,version,12
BankMobile Vibe App,super,2
BankMobile Vibe App,helpful,5
BankMobile Vibe App,new,17
Banorte Movil,excellent,6
Banorte Movil,ideal,2
Banorte Movil,online,1
Banque Populaire,while,1
Banque Populaire,access,4
Banque Populaire,accou,1
Barbie Lifeâ„?For haters know realeased 2014 2018 early days yeesh people,Positive,105
Barbie Lifeâ„?I love game l cannot waste WiFi already episode Barbie live dream house,Positive,105
Barbie Lifeâ„?A great,Positive,105
Barbie Lifeâ„?It good game,Positive,105
Barbie Lifeâ„?Like,Neutral,40
Barbie Lifeâ„?Hunting games friend contacts everything go watch given also play play games also play lots games puzzle drama fun really good game movie thing watch 5 weeks sell cool say stink say boo game I really like game super fun Xbox games guys say feel game I'm super fun like CookieSwirlC awesome videos say Bill said Bill stink say anything yes I can't I noon I noon I know I like I'm fan super cool stuff I really like videos also game super super super super fun really give 5 stars say awesome stuff,Positive,105
Barbie Lifeâ„?This game fun please make barbie games.,Negative,24
Barbie Lifeâ„?It wont work internet always said internet connection reopen open wont work,Neutral,40
Barbie Lifeâ„?I really liked rock royal game much fun make barbie games problem went black,Positive,105
Barbie Lifeâ„?I love barbie since childhood I installed says Internet connection needed even I 4G Internet connection please try fix happily play,Positive,105
Barbie Lifeâ„?I Wi-Fi able please,Positive,105
Barbie Lifeâ„?I love game cause funnest game ever,Negative,24
Barbie Lifeâ„?Why Barbie life stop soon tried save picture????,Neutral,40
Barbie Lifeâ„?It takes lot time open . problem,Neutral,40
Barbie Lifeâ„?I love loading slow,Positive,105
Barbie Lifeâ„?It wont let intranet,Neutral,40
Barbie Lifeâ„?Do another gooooood,Neutral,40
Barbie Lifeâ„?I love much cakes,Positive,105
Barbie Lifeâ„?It interesting good game.,Positive,105
Barbie Magical Fashion,extras,1
Barbie Magical Fashion,devic,1
Barbieâ„?Fashion Closet,game,53
Barbieâ„?Fashion Closet,yesterday,4
Barbieâ„?Fashion Closet,crazy,1
Barbieâ„?Fashion Closet,desi,1
Barclays US for Android,nothing,6
Barcode Scanner,Nothing,6
Barcode Scanner,close,4
Barcode Scanner,different,4
Barcode Scanner,phon,4
Baritastic - Bariatric Tracker,app,56
Baseball Boy!,many,19
Baseball Boy!,lucky,1
Baseball Boy!,hit,2
Baseball Boy!,ball,2
Baseball Boy!,ad,4
Basketball FRVR - Shoot the Hoop and Slam Dunk!,game,53
Basketball FRVR - Shoot the Hoop and Slam Dunk!,fun,11
Basketball FRVR - Shoot the Hoop and Slam Dunk!,game,53
Basketball FRVR - Shoot the Hoop and Slam Dunk!,lag,1
Basketball FRVR - Shoot the Hoop and Slam Dunk!,ball,2
Basketball Stars,game,53
Basketball Stars,problem,9
Basketball Stars,worki,1
Bathroom Decorating Ideas,Useless,2
Bathroom Decorating Ideas,much,14
Bathroom Decorating Ideas,boring,2
Bathroom Decorating Ideas,decorating,1
Battlelands Royale,star,7
Battlelands Royale,review,5
Battlelands Royale,exp,1
Battlelands Royale,system,4
Battlelands Royale,add,4
Be A Legend: Soccer,mother,2
Be A Legend: Soccer,game,53
Be A Legend: Soccer,best,16
BeSoccer - Soccer Live Score,player,1
BeSoccer - Soccer Live Score,messi,1
BeWild Free Dating & Chat App,app,56
BeWild Free Dating & Chat App,registration,1
BeWild Free Dating & Chat App,proce,1
Beautiful Design Birthday Cake,want,2
Beautiful Design Birthday Cake,beautiful,2
Beautiful Design Birthday Cake,cake,1
Beautiful Widgets Free,fine,5
Beautiful Widgets Free,multiple,2
Beautiful Widgets Free,phon,4
Beautiful Widgets Pro,lovely,1
Beautiful Widgets Pro,widget,3
Beautiful Widgets Pro,app,56
Beauty Camera - Selfie Camera,bug,3
Beauty Makeup Snappy Collage Photo Editor - Lidow,good,51
Beauty Makeup Snappy Collage Photo Editor - Lidow,sometim,1
"BestCam Selfie-selfie, beauty camera, photo editor",aÌ¸pÌ¸pÌ¸,1
"BestCam Selfie-selfie, beauty camera, photo editor",please,4
"BestCam Selfie-selfie, beauty camera, photo editor",pleas,1
BetterMe: Weight Loss Workouts,refund,1
BetterMe: Weight Loss Workouts,month,3
BetterMe: Weight Loss Workouts,e,4
BeyondMenu Food Delivery,order,5
BeyondMenu Food Delivery,hono,1
BeyondPod Podcast Manager,version,12
BeyondPod Podcast Manager,searc,1
Bible,love,6
Bible,month,3
Bible,keeps.crashing,1
Bible,verse,1
Big Days - Events Countdown,great,41
Big Days - Events Countdown,useful,8
"BigOven Recipes, Meal Planner, Grocery List & More",multiple,2
"BigOven Recipes, Meal Planner, Grocery List & More",week,5
"BigOven Recipes, Meal Planner, Grocery List & More",able,7
"BigOven Recipes, Meal Planner, Grocery List & More",search,5
"BiggerCity: Chat for gay bears, chubs & chasers",Overall,8
"BiggerCity: Chat for gay bears, chubs & chasers",positive,105
"BiggerCity: Chat for gay bears, chubs & chasers",experience,4
"BiggerCity: Chat for gay bears, chubs & chasers",gentleman,1
"BiggerCity: Chat for gay bears, chubs & chasers",co,3
Bike Computer - GPS Cycling Tracker,old,9
Bike Computer - GPS Cycling Tracker,phone,20
Bike Computer - GPS Cycling Tracker,perfect,6
Bike Computer - GPS Cycling Tracker,Yesterday,4
Bike Computer - GPS Cycling Tracker,update,19
Binaural Beats Meditation,interface,2
Binaural Beats Therapy,i,6
Binaural Beats Therapy,long,6
Binaural Beats Therapy,time,26
BioLife Plasma Services,Frequent,1
BioLife Plasma Services,schedule,1
Birdays â€?Birthday reminder,entered,1
Birdays â€?Birthday reminder,self,3
Birdays â€?Birthday reminder,old,9
Birds Sounds Ringtones & Wallpapers,wallpaper,3
Birds Sounds Ringtones & Wallpapers,love,6
Birds Sounds Ringtones & Wallpapers,b,4
Black People Meet Singles Date,chance,1
Black People Meet Singles Date,prove,1
Black People Meet Singles Date,wrong,1
Block Puzzle Classic Legend !,Abrupt,1
Block Puzzle Classic Legend !,end,2
Block Puzzle Classic Legend !,unpleasant,1
Block Puzzle Classic Legend !,sorry,1
Block Puzzle Classic Legend !,type,3
Blogaway for Android (Blogger),post,1
Blogaway for Android (Blogger),failing,1
Blogaway for Android (Blogger),something,2
Blogaway for Android (Blogger),draft,1
Blogaway for Android (Blogger),....,1
Blogger,Good,51
Bloglovin',ad,4
Bloglovin',stream,2
Bloglovin',couple,7
Bloglovin',d,3
Blood Donor,app,56
Blood Donor,everything,4
Blood Donor,easy,11
Blood Donor,app,56
Blood Pressure,great,41
Blood Pressure,success,3
Blood Pressure Log - MyDiary,ability,2
Blood Pressure Log - MyDiary,email,1
Blood Pressure(BP) Diary,access,4
Blood Pressure(BP) Diary,intrusive,2
Bloomberg Professional,buggy,2
Bloomberg Professional,lot,19
Bloomberg Professional,intuitive,4
Bloomberg Professional,iOS,1
Bloomberg: Market & Financial News,cost,4
Bloomberg: Market & Financial News,high,2
Bloomberg: Market & Financial News,big,2
Bloomberg: Market & Financial News,fan,3
Blossom Blast Saga,game,53
Blossom Blast Saga,music,2
Blossom Blast Saga,sound,5
BluTV,practice,2
BluTV,application,3
Blur Image Background Editor (Blur Photo Editor),ok,9
Blur Image Background Editor (Blur Photo Editor),add,4
Blur Image Background Editor (Blur Photo Editor),d,3
Booking.com Travel Deals,app,56
Booking.com Travel Deals,Araras,1
Booking.com Travel Deals,hotel,1
Booking.com Travel Deals,due,1
Booking.com Travel Deals,pic,1
Bowmasters,like,2
Bowmasters,game,53
Bowmasters,gameplay,2
Boxed Wholesale,easy,11
Brain Waves - Binaural Beats,godsend,1
Brain Waves - Binaural Beats,much,14
Brain Waves - Binaural Beats,app,56
Brain Waves - Binaural Beats,severe,1
Brain Waves - Binaural Beats,anxiety,1
Branch,fix,4
Branch,payment,2
BrasileirÃ£o Pro 2018 - SÃ©rie A e B,good,51
"Breaking News, Local news, Attacks and Alerts Free",news,8
British Airways,fine,5
British Airways,logs,1
British Airways,meaning,1
Browser 4G,slow,5
Browser 4G,great,41
Bualuang mBanking,Good,51
Bualuang mBanking,small,2
Bubble Shooter,free,10
Bubble Shooter,work,9
Bubble Shooter,time,26
Bubble Shooter,new,17
Bubble Shooter,video,7
Bubble Shooter,plz,2
Bubble Shooter 2,fun,11
Bubble Shooter 2,i,6
Bubble Shooter 2,able,7
Bubble Shooter 2,connect,2
Bubble Shooter 2,fb,1
Bubble Shooter 2,account,3
Bubble Shooter Genies,stuck,2
Bubble Shooter Genies,Overall,8
Bubble Shooter Genies,love,6
Bubble Shooter Space,system,4
Bubble Shooter Space,good,51
Bubble Shooter Space,level,6
Bubble Witch 3 Saga,Other,3
Bubble Witch 3 Saga,able,7
Bubble Witch 3 Saga,make,4
Bubble Witch 3 Saga,see,4
Bubble Witch 3 Saga,lot,19
Buienradar - weer,please,4
Buienradar - weer,English,3
Buienradar - weer,language,2
Build a Bridge!,build,1
Build a Bridge!,bridge,1
Bukalapak - Jual Beli Online,th,2
Burner - Free Phone Number,first,6
Burner - Free Phone Number,time,26
Business Calendar 2,basic,3
Business Calendar 2,version,12
Business Calendar 2,nice,11
Business Calendar 2,decent,2
Business Calendar 2,sy,1
Butterfly Live Wallpaper,*,1
Buzz Launcher-Smart&Free Theme,good,51
Buzz Launcher-Smart&Free Theme,personalization,1
"BuzzFeed: News, Tasty, Quizzes",let,3
"BÃO Má»šI - Äá»c BÃ¡o, Tin Tá»©c 24h",bad,7
"BÃO Má»šI - Äá»c BÃ¡o, Tin Tá»©c 24h",quality,3
C Programming,personal,1
C Programming,experience,4
C Programming,gem,1
C Programming,b,4
C++ Programming,many,19
C++ Programming,many,19
C++ Programming,crash,3
C++ Programming,tabl,1
CAIXA,Good,51
CAIXA,afternoon,1
CAIXA,grateful,2
CALCUâ„?Stylish Calculator Free,5-star,1
CALCUâ„?Stylish Calculator Free,rating,1
CATS: Crash Arena Turbo Stars,game,53
CATS: Crash Arena Turbo Stars,year,7
CATS: Crash Arena Turbo Stars,fun,11
CATS: Crash Arena Turbo Stars,issue,3
CBS Sports Fantasy,new,17
CBS Sports Fantasy,bright,2
CDL Practice Test 2018 Edition,good,51
CDL Practice Test 2018 Edition,reviewing,1
CDL Practice Test 2018 Edition,material,1
CDL Practice Test 2018 Edition,cdl,1
CDL Practice Test 2018 Edition,permit,1
CM Locker - Security Lockscreen,Good,51
CM Locker - Security Lockscreen,phone,20
CM Locker - Security Lockscreen,store,2
CM Locker - Security Lockscreen,someone,4
CM Locker - Security Lockscreen,unlock,1
CMB Free Dating App,great,41
CMB Free Dating App,strat,1
CNBC: Breaking Business News & Live Market Data,year,7
CNBC: Breaking Business News & Live Market Data,watch,1
COOKING MAMA Let's Cook!,lot,19
COOKING MAMA Let's Cook!,variety,1
COOKING MAMA Let's Cook!,buy,1
COOKING MAMA Let's Cook!,recipe,2
COOKING MAMA Let's Cook!,borin,1
CVS Caremark,blue,1
CVS Caremark,harder,2
CVS Caremark,find,1
CW Seed,good,51
CW Seed,episode,1
CW Seed,next,2
CW Seed,whole,3
CW Seed,rese,1
CWT To Go,good,51
CWT To Go,offline,2
CWT To Go,archive,1
CWT To Go,travel,1
Cache Cleaner-DU Speed Booster (booster & cleaner),window,1
Calendar+ Schedule Planner App,Updated,3
Calendar+ Schedule Planner App,app,56
Call of Duty:Black Ops Zombies,time,26
"CallApp: Caller ID, Blocker & Phone Call Recorder",Sh,1
Calorie Counter & Diet Tracker,track,3
Calorie Counter & Diet Tracker,prog,1
Calorie Counter - EasyFit free,Tried,1
Calorie Counter - EasyFit free,couple,7
Calorie Counter - EasyFit free,drove,1
Calorie Counter - EasyFit free,mad,1
Calorie Counter - EasyFit free,plain,1
Calorie Counter - EasyFit free,v,1
Calorie Counter - Macros,great,41
Calorie Counter - MyFitnessPal,lot,19
Calorie Counter - MyFitnessPal,rate,5
Calorie Counter - MyFitnessPal,aspect,2
Calorie Counter - MyNetDiary,free,10
Calorie Counter - MyNetDiary,version,12
Calorie Counter - MyNetDiary,whole,3
Calorie Counter - MyNetDiary,thi,2
Candy Bomb,bad,7
Candy Bomb,thing,5
Candy Bomb,pop,2
"Candy Camera - selfie, beauty camera, photo editor",new,17
"Candy Camera - selfie, beauty camera, photo editor",update,19
"Candy Camera - selfie, beauty camera, photo editor",try,4
"Candy Camera - selfie, beauty camera, photo editor",change,4
Candy Crush Jelly Saga,star,7
Candy Crush Saga,free,10
Candy Crush Saga,accumulate,1
Candy Crush Soda Saga,game,53
Candy Crush Soda Saga,level,6
Candy Pop Story,mind,1
Candy Pop Story,fun,11
Candy Pop Story,game,53
Candy Pop Story,gett,1
Candy Smash,game,53
Candy Smash,slow,5
Candy Smash,loading,1
"Candy selfie - photo editor, live filter camera",Best,16
"Canva: Poster, banner, card maker & graphic design",thank,2
"Canva: Poster, banner, card maker & graphic design",mobile,8
"Canva: Poster, banner, card maker & graphic design",desktop,1
Canvas Student,app,56
Canvas Student,bad,7
Canvas Student,discussion,1
Canvas Student,navigation,2
Caviar - Food Delivery,first,6
Caviar - Food Delivery,time,26
Caviar - Food Delivery,cancel,2
Caviar - Food Delivery,order,5
Chakra Cleansing,timer,1
Chakra Cleansing,chakra,1
Chakra Cleansing,user,5
Chakra Cleansing,wish,5
Championat,favorite,5
Chapters: Interactive Stories,great,41
Chapters: Interactive Stories,way,14
Chapters: Interactive Stories,earn,1
Chase Mobile,feature,3
Chase Mobile,implementation,1
"Chat Rooms, Avatars, Date - Galaxy",private,2
ChatVideo Meet new people,app,56
ChatVideo Meet new people,private,2
Cheap Flights & Hotels momondo,UPDATE,19
Cheap Flights & Hotels momondo,please,4
Cheap Flights & Hotels momondo,ability,2
Cheap Flights & Hotels momondo,save,2
Cheap hotel deals and discounts â€?Hotellook,meeting,1
Cheap hotel deals and discounts â€?Hotellook,team,3
Cheap hotel deals and discounts â€?Hotellook,great,41
Cheap hotel deals and discounts â€?Hotellook,day,6
"CheapTickets â€?Hotels, Flights & Travel Deals",save,2
"CheapTickets â€?Hotels, Flights & Travel Deals",itenary,1
"CheapTickets â€?Hotels, Flights & Travel Deals",inconvenient,1
"CheapTickets â€?Hotels, Flights & Travel Deals",access,4
Cheapflights â€?Flight Search,good,51
Cheapflights â€?Flight Search,get,6
Cheapflights â€?Flight Search,currency,1
Cheapflights â€?Flight Search,method,1
CheckPoints ğŸ† Rewards App,app,56
CheckPoints ğŸ† Rewards App,much,14
CheckPoints ğŸ† Rewards App,offer,1
Checkers âœ”ï¸,spot,1
Checkers âœ”ï¸,red,1
Checkout 51: Grocery coupons,majority,1
Checkout 51: Grocery coupons,need,2
Choices: Stories You Play,Overall,8
Choices: Stories You Play,game,53
Choices: Stories You Play,good,51
Choices: Stories You Play,great,41
Christian Dating For Free App,easy,11
Christian Dating For Free App,much,14
Christian Dating For Free App,apps,4
Chrome Beta,Chrome,1
Chrome Beta,thankful,1
Cinemark Theatres,nice,11
Cisco Webex Meetings,relogin,1
Cisco Webex Meetings,painful,1
Cisco Webex Meetings,computer,3
Cisco Webex Teams,app,56
Cisco Webex Teams,Wish,5
Cisco Webex Teams,i,6
Citi MobileÂ®,hell,2
Citi MobileÂ®,login,3
Citibanamex Movil,fail,1
Citizens Bank Mobile Banking,useful,8
Citizens Bank Mobile Banking,stop,2
Citizens Bank Mobile Banking,pin,1
Citizens Bank Mobile Banking,password,4
CityMaps2Go Plan Trips Travel Guide Offline Maps,much,14
CityMaps2Go Plan Trips Travel Guide Offline Maps,success,3
CityMaps2Go Plan Trips Travel Guide Offline Maps,placing,1
Claro,Terrible,5
Claro,app,56
Claro,lot,19
Claro,space,1
Claro,s,3
Clash Royale,game,53
Clash Royale,big,2
Clash Royale,deck,1
Clash Royale,rotat,1
Clash of Clans,amazing,5
Clash of Clans,game,53
Clash of Clans,it.The,1
Clash of Clans,graphic,1
Color Road,colours,1
Color Road,different,4
Color Road,slightest,1
Color Road,bit,3
Color Touch Effects,app,56
Color Touch Effects,b,4
Color by Number - Draw Sandbox Pixel Art,wouldnt,1
Color by Number - Draw Sandbox Pixel Art,let,3
Color by Number - Draw Sandbox Pixel Art,kind,1
Color by Number - Draw Sandbox Pixel Art,good,51
Color by Number â€?New Coloring Book,grayed,1
Color by Number â€?New Coloring Book,part,5
Color by Number â€?New Coloring Book,darker,1
ColorFil - Adult Coloring Book,great,41
ColorFil - Adult Coloring Book,added,1
ColorFil - Adult Coloring Book,way,14
ColorNote Notepad Notes,best,16
ColorNote Notepad Notes,note,2
ColorNote Notepad Notes,system,4
ColorNote Notepad Notes,Easy,11
ColorNote Notepad Notes,sim,3
ColorSnapÂ® Visualizer,include,1
Colorfit - Drawing & Coloring,Good,51
Colorfit - Drawing & Coloring,luck,1
Colorfit - Drawing & Coloring,free,10
Colorfit - Drawing & Coloring,Everyday,1
Colorfit - Drawing & Coloring,supp,1
Colorful Glitter Neon Butterfly Keyboard Theme,sleep,3
Colorfy: Coloring Book for Adults - Free,cool,2
Colorfy: Coloring Book for Adults - Free,idea,3
Colorfy: Coloring Book for Adults - Free,nice,11
Colorfy: Coloring Book for Adults - Free,starter,1
Coloring & Learn,year,7
Coloring & Learn,old,9
Coloring & Learn,baby,1
Coloring & Learn,boy,1
Coloring & Learn,color,1
Coloring & Learn,eve,1
Coloring book moana,kid,2
Coloring book moana,excessive,1
Comedy Central,Update-,1
Comedy Central,version,12
Comedy Central,problem,9
Common Core,helpful,5
Common Core,figure,1
Common Core,study,1
Common Core,next,2
ConnectLine,Basic,3
ConnectLine,device,3
ConnectLine,control,1
ConnectLine,app,56
ConnectLine,user,5
ConnectLine,inter,1
Contacts,previous,2
Contacts,phone,20
Contacts,account,3
Contacts,ph,1
Contacts+,great,41
Contacts+,way,14
Contacts+,family,3
Contacts+,work,9
Contacts+,partner,2
Content Transfer,seamless,1
Content Transfer,transfer,1
Content Transfer,device,3
ConvertPad - Unit Converter,useful,8
ConvertPad - Unit Converter,app,56
ConvertPad - Unit Converter,conver,1
Cookbook Recipes,handy,1
Cookbook Recipes,alot,1
Cooking Channel,worst,7
Cooking Channel,streaming,1
Cooking Fever,fun,11
Cooking Fever,easy,11
Cooking Fever,fir,1
Cooking Madness - A Chef's Restaurant Games,ok,9
Cooking Madness - A Chef's Restaurant Games,money,4
Cooking Madness - A Chef's Restaurant Games,game,53
Cooking Madness - A Chef's Restaurant Games,m,1
Cookpad,tasty,1
Cookpad,favorite,5
Cookpad,recipe,2
Cookpad,offline,2
Cool Reader,best,16
Cool Reader,ereader,1
Cool Reader,nice,11
Cool Reader,cu,1
Couch to 10K Running Trainer,week,5
Couch to 5K by RunDouble,like,2
Couch to 5K by RunDouble,app,56
Couch to 5K by RunDouble,disappointed,2
Couchsurfing Travel App,UI/UX,1
Couchsurfing Travel App,ease,1
Couchsurfing Travel App,search,5
Cougar Dating Life : Date Older Women Sugar Mummy,im,2
Cougar Dating Life : Date Older Women Sugar Mummy,samsung,2
Cougar Dating Life : Date Older Women Sugar Mummy,note,2
Cougar Dating Life : Date Older Women Sugar Mummy,install,1
Cougar Dating Life : Date Older Women Sugar Mummy,app,56
Cougar Dating Life : Date Older Women Sugar Mummy,i,6
Couple - Relationship App,ideal,2
Couple - Relationship App,ultimate,2
Couple - Relationship App,nook,1
Couple - Relationship App,everythin,1
Credit Sesame,give,2
Credit Sesame,imaginary,1
Credit Sesame,score,2
Credit Sesame,syste,1
Crew - Free Messaging and Scheduling,invaluable,1
Cricbuzz - Live Cricket Scores & News,Best,16
Cricbuzz - Live Cricket Scores & News,cricket,1
Cricbuzz - Live Cricket Scores & News,simple,7
Cricbuzz - Live Cricket Scores & News,amazing,5
Cricket Visual Voicemail,Important,3
Cricket Visual Voicemail,message,3
Cricket Visual Voicemail,doctor,2
Cricket Visual Voicemail,voicemail,2
Crossy Road,game,53
Crossy Road,great,41
Crossy Road,cool,2
Crossy Road,charact,1
Crunchyroll - Everything Anime,app,56
Crunchyroll - Everything Anime,charm,1
Crunchyroll - Everything Anime,complaint,1
Current debit card and app made for teens,hear,1
Current debit card and app made for teens,different,4
Curriculum vitae App CV Builder Free Resume Maker,awesome,7
Curriculum vitae App CV Builder Free Resume Maker,create,2
Curriculum vitae App CV Builder Free Resume Maker,attractive,2
Curriculum vitae App CV Builder Free Resume Maker,resu,1
Curso de Ingles Gratis,best,16
Cut the Rope 2,ru,1
Cut the Rope FULL FREE,ridiculous,2
DC Comics,subscription,3
DC Comics,service,1
DC Comics,Comixolog,1
DC Super Hero Girlsâ„?I'm young teen I love game u put things avatar please stuff thanks anyways,Positive,105
DC Super Hero Girlsâ„?Good entertaining I hope update future character minigames,Positive,105
DC Super Hero Girlsâ„?It might devise using make slow,Negative,24
DC Super Hero Girlsâ„?Please put stuff otherwise fine already epicly amazing,Positive,105
DC Super Hero Girlsâ„?I like though slow,Negative,24
DC Super Hero Girlsâ„?I can't believe amazing add stuff it'll great game,Positive,105
DC Super Hero Girlsâ„?I like very nice,Positive,105
DC Super Hero Girlsâ„?It wasma good game got boring,Negative,24
DC Super Hero Girlsâ„?It dont good glitch,Positive,105
DC Super Hero Girlsâ„?I downloaded hope worth,Positive,105
DC Super Hero Girlsâ„?It's good game,Positive,105
DC Super Hero Girlsâ„?I loved add games play avatar,Positive,105
DC Super Hero Girlsâ„?I love,Positive,105
DC Super Hero Girlsâ„?Wonder woman,Neutral,40
DC Super Hero Girlsâ„?Abegail-love good thing,Positive,105
DC Super Hero Girlsâ„?This game awesome,Positive,105
DC Super Hero Girlsâ„?It cool,Positive,105
DC Super Hero Girlsâ„?Excellent,Positive,105
DC Super Hero Girlsâ„?liked,Positive,105
DC Super Hero Girlsâ„?The best cartoon game love dc super hero girls. The I love poison Ivy best write comments like,Positive,105
"DC Super Hero Girlsâ„?""I like DC Superhero Girls powerful boys",cartoon,1
"DC Super Hero Girlsâ„?""I like DC Superhero Girls powerful boys",look,1
DC Super Hero Girlsâ„?I love DC super hero girls much make games thank,Positive,105
DC Super Hero Girlsâ„?I love game amazing I love Supergirl wonder woman Harley Quinn I think girls love game like,Positive,105
DC Super Hero Girlsâ„?I love dc super hero girls make games Please,Positive,105
DC Super Hero Girlsâ„?The greatest game ever really inspires cause superhero Boys,Positive,105
DC Super Hero Girlsâ„?It's great game . My little sister likes much,Positive,105
DC Super Hero Girlsâ„?This game much fun loved dress game much fun,Positive,105
DC Super Hero Girlsâ„?Best game ever!!!!!! I love Dc super hero girls,Positive,105
"DC Super Hero Girlsâ„?""Great games",everyone,1
"DC Super Hero Girlsâ„?""Great games",love,6
"DC Super Hero Girlsâ„?""Great games",app,56
DC Super Hero Girlsâ„?This best game I ever played,Positive,105
DC Super Hero Girlsâ„?You add Catwoman great.,Positive,105
DC Super Hero Girlsâ„?This best games problem music game working I love so much,Positive,105
DEAD TARGET: FPS Zombie Apocalypse Survival Games,best,16
DEAD TARGET: FPS Zombie Apocalypse Survival Games,zombie,1
DEAD TARGET: FPS Zombie Apocalypse Survival Games,game,53
DEAD TARGET: FPS Zombie Apocalypse Survival Games,con,1
"DELISH KITCHEN - ç„¡æ–™ãƒ¬ã‚·ãƒ”å‹•ç”»ã§æ–™ç†ã‚’æ¥½ã—ããƒ»ç°¡å˜ã«ï¼?""Everything looks delicious",Ju,1
"DELISH KITCHEN - ç„¡æ–™ãƒ¬ã‚·ãƒ”å‹•ç”»ã§æ–™ç†ã‚’æ¥½ã—ããƒ»ç°¡å˜ã«ï¼?""I am not good at cooking",great,41
"DELISH KITCHEN - ç„¡æ–™ãƒ¬ã‚·ãƒ”å‹•ç”»ã§æ–™ç†ã‚’æ¥½ã—ããƒ»ç°¡å˜ã«ï¼?""I am not good at cooking",recommendation,1
DELISH KITCHEN - ç„¡æ–™ãƒ¬ã‚·ãƒ”å‹•ç”»ã§æ–™ç†ã‚’æ¥½ã—ããƒ»ç°¡å˜ã«ï¼?Love videos!!,Positive,105
DELISH KITCHEN - ç„¡æ–™ãƒ¬ã‚·ãƒ”å‹•ç”»ã§æ–™ç†ã‚’æ¥½ã—ããƒ»ç°¡å˜ã«ï¼?We have plenty of innovative ideas and everyday cuisine has become fun!,Positive,105
DELISH KITCHEN - ç„¡æ–™ãƒ¬ã‚·ãƒ”å‹•ç”»ã§æ–™ç†ã‚’æ¥½ã—ããƒ»ç°¡å˜ã«ï¼?I get cooking inspiration lot.,Neutral,40
DELISH KITCHEN - ç„¡æ–™ãƒ¬ã‚·ãƒ”å‹•ç”»ã§æ–™ç†ã‚’æ¥½ã—ããƒ»ç°¡å˜ã«ï¼?thank,Neutral,40
"DELISH KITCHEN - ç„¡æ–™ãƒ¬ã‚·ãƒ”å‹•ç”»ã§æ–™ç†ã‚’æ¥½ã—ããƒ»ç°¡å˜ã«ï¼?""thanks to the delishkitchen recipes",Japanese,2
"DELISH KITCHEN - ç„¡æ–™ãƒ¬ã‚·ãƒ”å‹•ç”»ã§æ–™ç†ã‚’æ¥½ã—ããƒ»ç°¡å˜ã«ï¼?""thanks to the delishkitchen recipes",cuisine,1
DELISH KITCHEN - ç„¡æ–™ãƒ¬ã‚·ãƒ”å‹•ç”»ã§æ–™ç†ã‚’æ¥½ã—ããƒ»ç°¡å˜ã«ï¼?I can not cook as much as I like it â?I really appreciate it â?You can easily make recipes such as a microwave recipe or a rice cooker,Positive,105
DELISH KITCHEN - ç„¡æ–™ãƒ¬ã‚·ãƒ”å‹•ç”»ã§æ–™ç†ã‚’æ¥½ã—ããƒ»ç°¡å˜ã«ï¼?Great introduction Japanese food.,Positive,105
DELISH KITCHEN - ç„¡æ–™ãƒ¬ã‚·ãƒ”å‹•ç”»ã§æ–™ç†ã‚’æ¥½ã—ããƒ»ç°¡å˜ã«ï¼?It is fun and easy to make delicious things.,Positive,105
DELISH KITCHEN - ç„¡æ–™ãƒ¬ã‚·ãƒ”å‹•ç”»ã§æ–™ç†ã‚’æ¥½ã—ããƒ»ç°¡å˜ã«ï¼?good,Positive,105
DELISH KITCHEN - ç„¡æ–™ãƒ¬ã‚·ãƒ”å‹•ç”»ã§æ–™ç†ã‚’æ¥½ã—ããƒ»ç°¡å˜ã«ï¼?So useful app! I wish could written English.,Positive,105
DELISH KITCHEN - ç„¡æ–™ãƒ¬ã‚·ãƒ”å‹•ç”»ã§æ–™ç†ã‚’æ¥½ã—ããƒ»ç°¡å˜ã«ï¼?Helpful busy mum give good inspiration,Positive,105
DELISH KITCHEN - ç„¡æ–™ãƒ¬ã‚·ãƒ”å‹•ç”»ã§æ–™ç†ã‚’æ¥½ã—ããƒ»ç°¡å˜ã«ï¼?nice app! It'd better English subtitle like international cousins!,Positive,105
DELISH KITCHEN - ç„¡æ–™ãƒ¬ã‚·ãƒ”å‹•ç”»ã§æ–™ç†ã‚’æ¥½ã—ããƒ»ç°¡å˜ã«ï¼?Great,Positive,105
DELISH KITCHEN - ç„¡æ–™ãƒ¬ã‚·ãƒ”å‹•ç”»ã§æ–™ç†ã‚’æ¥½ã—ããƒ»ç°¡å˜ã«ï¼?Convenient and easy to use!,Positive,105
DELISH KITCHEN - ç„¡æ–™ãƒ¬ã‚·ãƒ”å‹•ç”»ã§æ–™ç†ã‚’æ¥½ã—ããƒ»ç°¡å˜ã«ï¼?Useful,Positive,105
DELISH KITCHEN - ç„¡æ–™ãƒ¬ã‚·ãƒ”å‹•ç”»ã§æ–™ç†ã‚’æ¥½ã—ããƒ»ç°¡å˜ã«ï¼?Helpful easy understand tutorial thank admin keep,Positive,105
"DELISH KITCHEN - ç„¡æ–™ãƒ¬ã‚·ãƒ”å‹•ç”»ã§æ–™ç†ã‚’æ¥½ã—ããƒ»ç°¡å˜ã«ï¼?""Easy recipe",anyone,1
DELISH KITCHEN - ç„¡æ–™ãƒ¬ã‚·ãƒ”å‹•ç”»ã§æ–™ç†ã‚’æ¥½ã—ããƒ»ç°¡å˜ã«ï¼?best support every time.,Positive,105
DELISH KITCHEN - ç„¡æ–™ãƒ¬ã‚·ãƒ”å‹•ç”»ã§æ–™ç†ã‚’æ¥½ã—ããƒ»ç°¡å˜ã«ï¼?It's good application. Easy see many good menu children adult.,Positive,105
DELISH KITCHEN - ç„¡æ–™ãƒ¬ã‚·ãƒ”å‹•ç”»ã§æ–™ç†ã‚’æ¥½ã—ããƒ»ç°¡å˜ã«ï¼?___ ___ ___ ___ ___ 0,Neutral,40
DELISH KITCHEN - ç„¡æ–™ãƒ¬ã‚·ãƒ”å‹•ç”»ã§æ–™ç†ã‚’æ¥½ã—ããƒ»ç°¡å˜ã«ï¼?There is nothing troubling with the story of cooking anymore!,Neutral,40
DELISH KITCHEN - ç„¡æ–™ãƒ¬ã‚·ãƒ”å‹•ç”»ã§æ–™ç†ã‚’æ¥½ã—ããƒ»ç°¡å˜ã«ï¼?easy fallow,Positive,105
"DELISH KITCHEN - ç„¡æ–™ãƒ¬ã‚·ãƒ”å‹•ç”»ã§æ–™ç†ã‚’æ¥½ã—ããƒ»ç°¡å˜ã«ï¼?""Easy follow",quick,1
"DELISH KITCHEN - ç„¡æ–™ãƒ¬ã‚·ãƒ”å‹•ç”»ã§æ–™ç†ã‚’æ¥½ã—ããƒ»ç°¡å˜ã«ï¼?""Easy follow",make,4
DINO HUNTER: DEADLY SHORES,game,53
DINO HUNTER: DEADLY SHORES,great,41
DIY Garden Ideas,greatest,1
DIY Garden Ideas,garden,1
DIY Garden Ideas,design,4
DMV Permit Practice Test 2018 Edition,test,2
DMV Permit Practice Test 2018 Edition,bf,1
DMV Permit Practice Test 2018 Edition,mom,1
DMV Permit Practice Test 2018 Edition,dri,1
DRAGON BALL LEGENDS,ultimate,2
DRAGON BALL LEGENDS,mobile,8
DRAGON BALL LEGENDS,game,53
DRAGON BALL LEGENDS,fan,3
DSLR Camera Hd Ultra Professional,normal,1
DSLR Camera Hd Ultra Professional,camera,1
DSLR Camera Hd Ultra Professional,..,1
DSLR Camera Hd Ultra Professional,body,1
DStv Now,usability,1
DStv Now,new,17
DStv Now,TV,1
DU Browserâ€”Browse fast & fun,great,41
DU Browserâ€”Browse fast & fun,latest,1
DU Browserâ€”Browse fast & fun,update,19
"DU Recorder â€?Screen Recorder, Video Editor, Live",good,51
"DU Recorder â€?Screen Recorder, Video Editor, Live",editing,1
"DU Recorder â€?Screen Recorder, Video Editor, Live",vi,1
Debonairs Pizza,option,3
Debonairs Pizza,cancel,2
Debonairs Pizza,time,26
Debonairs Pizza,frame,1
Delta Dental,Update,19
Delta Dental,update,19
Delta Dental,den,1
Despegar.com Hoteles y Vuelos,nice,11
Despegar.com Hoteles y Vuelos,problem,9
Despegar.com Hoteles y Vuelos,yo,1
Detector de Radares Gratis,good,51
Device Help,update,19
Device Help,ok,9
Device Help,work,9
Device Help,co,3
Diabetes & Diet Tracker,way,14
Diabetes & Diet Tracker,base,1
Diabetes & Diet Tracker,refu,1
Diabetes:M,important,3
Diabetes:M,place,2
Diamond Zipper Lock Screen,home,4
Diamond Zipper Lock Screen,screen,3
Die TK-App â€?alles im Griff,fingerprint,1
Die TK-App â€?alles im Griff,login,3
Die TK-App â€?alles im Griff,unreliable,1
Die TK-App â€?alles im Griff,p,4
Digg,Unmatched,1
Digg,interfac,1
DigiCal Calendar Agenda,lot,19
DigiCal Calendar Agenda,calendar,1
DigiCal Calendar Agenda,start,3
DigiCal Calendar Agenda,track,3
Digit Save Money Automatically,UPDATED,3
Digit Save Money Automatically,process,1
Digit Save Money Automatically,bank,3
Digit Save Money Automatically,get,6
Digit Save Money Automatically,connec,1
Digital Alarm Clock,new,17
Digital Alarm Clock,version,12
Dil Mil,glitchy,2
Dil Mil,Indian,1
Dil Mil,government,1
Dino War: Rise of Beasts,pack,1
DisneyNOW â€?TV Shows & Games,perfect,6
DisneyNOW â€?TV Shows & Games,whole,3
DisneyNOW â€?TV Shows & Games,family,3
DisneyNOW â€?TV Shows & Games,littler,1
Do It Later: Tasks & To-Dos,great,41
Do It Later: Tasks & To-Dos,procrastinator,1
Do It Later: Tasks & To-Dos,sugg,1
Docs To Goâ„?Free Office Suite,file,2
Docs To Goâ„?Free Office Suite,open,3
Docs To Goâ„?Free Office Suite,message,3
Docs To Goâ„?Free Office Suite,int,1
Dog Licks Screen Wallpaper,boring,2
Dog Licks Screen Wallpaper,wallpa,1
Dog Sim Online: Raise a Family,game,53
Dog Sim Online: Raise a Family,u,4
Dog Sim Online: Raise a Family,little,4
Dog Sim Online: Raise a Family,kid,2
Dominos Game âœ”ï¸,version,12
Dominos Game âœ”ï¸,much,14
Dominos Game âœ”ï¸,lo,1
"Domofond ĞĞµĞ´Ğ²Ğ¸Ğ¶Ğ¸Ğ¼Ğ¾ÑÑ‚ÑŒ. ĞšÑƒĞ¿Ğ¸Ñ‚ÑŒ, ÑĞ½ÑÑ‚ÑŒ ĞºĞ²Ğ°Ñ€Ñ‚Ğ¸Ñ€Ñƒ.",examp,1
Doodle Jump,best,16
Doodle Jump,mobile,8
Doodle Jump,time,26
Door Lock Screen,good,51
DoorDash - Food Delivery,Update,19
DoorDash - Food Delivery,Nothing,6
DoorDash - Food Delivery,authentication,1
DoorDash - Food Delivery,iss,1
Dosecast - Medication Reminder,lot,19
Down Dog: Great Yoga Anywhere,best,16
Down Dog: Great Yoga Anywhere,yoga,1
Down Dog: Great Yoga Anywhere,home,4
Down Dog: Great Yoga Anywhere,expert,1
Dr. Oetker Rezeptideen,ingredient,1
Dr. Panda Restaurant 3,food,4
Dr. Panda Restaurant 3,make,4
Dr. Panda Restaurant 3,mu,2
Dr. Panda Town: Vacation,everything,4
Dr. Panda Town: Vacation,cost,4
Dr. Panda Town: Vacation,money,4
Dr. Panda Town: Vacation,money,4
Dr. Panda Town: Vacation,bu,1
DraftKings - Daily Fantasy Sports,great,41
DraftKings - Daily Fantasy Sports,fun,11
DraftKings - Daily Fantasy Sports,site/app,1
DraftKings - Daily Fantasy Sports,favorite,5
DraftKings - Daily Fantasy Sports,sport,2
DreamWorks Friends,character,1
DreamWorks Friends,rip,1
Dresses Ideas & Fashions +3000,dress,1
Dresses Ideas & Fashions +3000,issue,3
Droid Zap by Motorola,phone,20
Droid Zap by Motorola,tablet,2
Droid Zap by Motorola,nice,11
DroidAdmin for Android - Advice,many,19
DroidAdmin for Android - Advice,bad,7
Dropbox,new,17
Dropbox,box,1
Dropbox,n,2
Drugs.com Medication Guide,let,3
Drugs.com Medication Guide,create,2
Drugs.com Medication Guide,several,3
Dude Perfect 2,thought,1
Dude Perfect 2,game,53
Dude Perfect 2,positive,105
Dude Perfect 2,comment,1
Dumb Ways to Die 2: The Games,game,53
Dumb Ways to Die 2: The Games,reason,6
Dumb Ways to Die 2: The Games,many,19
Dumb Ways to Die 2: The Games,hard,3
Dumb Ways to Die 2: The Games,obsta,1
Dungeon Hunter Champions: Epic Online Action RPG,pvp,1
Dungeon Hunter Champions: Epic Online Action RPG,arena,1
Dungeon Hunter Champions: Epic Online Action RPG,r,5
Dunkin' Donuts,many,19
Dunkin' Donuts,customizatio,1
Duolingo: Learn Languages Free,awesome,7
Duolingo: Learn Languages Free,sure,3
Duolingo: Learn Languages Free,couple,7
Duolingo: Learn Languages Free,actual,1
DuraSpeed,Good,51
DuraSpeed,monitoring,1
DuraSpeed,device,3
DuraSpeed,performance,1
DuraSpeed,bug,3
E*TRADE Mobile,log,1
E*TRADE Mobile,website,1
E*TRADE Mobile,permission,2
Easy Hair Style Design,good,51
Easy Hair Style Design,amazing,5
Easy Hair Style Design,try,4
Easy Healthy Recipes,app,56
Easy Installer - Apps On SD,worst,7
Easy Installer - Apps On SD,misleading,1
Easy Installer - Apps On SD,lot,19
Easy Makeup Tutorials,bunch,1
Easy Makeup Tutorials,someone,4
Easy Origami Ideas,Pathetic,1
Easy Origami Ideas,app,56
Easy Origami Ideas,proper,2
Easy Recipes,American,1
Easy Recipes,cant,2
Easy Recipes,source,1
Easy Recipes,ing,1
Easy Voice Recorder,ok,9
Easy Voice Recorder,trouble,1
Easy Voice Recorder,phone,20
Easy Voice Recorder,type,3
Easy Voice Recorder,na,1
EasyBib: Citation Generator,format,1
EasyBib: Citation Generator,hel,1
Eat Fit - Diet and Health Free,initial,1
Eat24 Food Delivery & Takeout,many,19
Eat24 Food Delivery & Takeout,company,3
Eat24 Food Delivery & Takeout,come,1
EatStreet Food Delivery App,good,51
EatStreet Food Delivery App,order,5
EatStreet Food Delivery App,food,4
"Ebates: Cash Back, Coupons, Rewards & Savings",way,14
"Ebates: Cash Back, Coupons, Rewards & Savings",add,4
"Ebates: Cash Back, Coupons, Rewards & Savings",receip,1
Ebook Reader,good,51
Ebook Reader,want,2
Ebook Reader,navigate,1
Ebook Reader,c,2
Ecobank Mobile Banking,account,3
Edmodo,password,4
Edmodo,disaster,1
Edmodo,half,1
Edmodo,change,4
Educational Games 4 Kids,many,19
Educational Games 4 Kids,little,4
Educational Games 4 Kids,stuck,2
El tiempo de AEMET,time,26
English-Myanmar Dictionary,system,4
English-Myanmar Dictionary,setup,2
English-Myanmar Dictionary,other,3
English-Myanmar Dictionary,close,4
English-Myanmar Dictionary,history,1
English-Myanmar Dictionary,deactive.B,1
Entel,access,4
Enterprise Rent-A-Car,nice,11
Enterprise Rent-A-Car,clean,1
Enterprise Rent-A-Car,overall,8
Enterprise Rent-A-Car,experience,4
Enterprise Rent-A-Car,app,56
Enterprise Rent-A-Car,tw,1
Episode - Choose Your Story,game,53
Episode - Choose Your Story,many,19
Episode - Choose Your Story,right,1
Episode - Choose Your Story,cho,1
Epocrates Plus,disappointed,2
Epocrates Plus,time,26
Epocrates Plus,immediate,2
Equestria Girls,game,53
Equestria Girls,buuuuuut,1
Equestria Girls,.......,1
Essential Anatomy 3,work,9
Essential Anatomy 3,anatomy,2
Essential Anatomy 3,android,1
Essential Anatomy 3,....,1
Essential Resources,single,3
Essential Resources,feature,3
Essential Resources,request,1
Essential Resources,essential,1
Etsy: Handmade & Vintage Goods,check,1
Etta Homes,good,51
Etta Homes,r,5
Eurosport,earth,1
Eurosport,possible,2
Eurosport,make,4
Eurosport,difficult,2
Eurosport,unstable,1
"Eve Period Tracker - Love, Sex & Relationships App",good,51
"Eve Period Tracker - Love, Sex & Relationships App",much,14
"Eve Period Tracker - Love, Sex & Relationships App",detai,1
Evie Launcher,launcher,2
Evie Launcher,stable,1
ExDialer - Dialer & Contacts,first,6
ExDialer - Dialer & Contacts,time,26
ExDialer - Dialer & Contacts,rate,5
ExDialer - Dialer & Contacts,app,56
ExDialer - Dialer & Contacts,rate,5
ExDialer - Dialer & Contacts,r,5
"Expedia Hotels, Flights & Car Rental Travel Deals",show,1
"Expedia Hotels, Flights & Car Rental Travel Deals",list,1
Expense IQ Money Manager,ive,1
Expense IQ Money Manager,awesome,7
Experian - Free Credit Report,Experian,1
Experian - Free Credit Report,utmost,1
Experian - Free Credit Report,suck,1
Experian - Free Credit Report,life,1
Extreme Car Driving Simulator,great,41
Extreme Car Driving Simulator,game,53
Extreme Car Driving Simulator,car,2
Extreme Match,game,53
Extreme Racing 2 - Real driving RC cars game!,ok,9
Extreme Racing 2 - Real driving RC cars game!,manual,1
Extreme Racing 2 - Real driving RC cars game!,acceleration,1
EyeCloud,several,3
EyeCloud,Simp,1
EyeEm - Camera & Photo Filter,app,56
EyeEm - Camera & Photo Filter,great,41
EyeEm - Camera & Photo Filter,di,1
EzCalculator,add,4
EzCalculator,app,56
EzCalculator,time,26
FBReader: Favorite Book Reader,Most,2
FBReader: Favorite Book Reader,useful,8
FBReader: Favorite Book Reader,mb,1
FBReader: Favorite Book Reader,epub,1
FBReader: Favorite Book Reader,b,4
FERZU - Furries Social Network,needs,1
FERZU - Furries Social Network,improvement,2
FERZU - Furries Social Network,concept,2
"FIFA - Tournaments, Soccer News & Live Scores",table,1
FINAL FANTASY BRAVE EXVIUS,month,3
FINAL FANTASY BRAVE EXVIUS,gacha,1
FINAL FANTASY BRAVE EXVIUS,i,6
FOSSIL Q: DESIGN YOUR DIAL,activity,1
FOSSIL Q: DESIGN YOUR DIAL,counter,1
FOSSIL Q: DESIGN YOUR DIAL,work,9
FOX,last,5
FOX,update,19
FOX,clos,1
FOX NOW - On Demand & Live TV,past,1
FOX NOW - On Demand & Live TV,home,4
FOX NOW - On Demand & Live TV,screen,3
FOX NOW - On Demand & Live TV,nice,11
FOX NOW - On Demand & Live TV,option,3
"FOX Sports: Live Streaming, Scores & News",close,4
"FOX Sports: Live Streaming, Scores & News",real,2
"FOX Sports: Live Streaming, Scores & News",time,26
"FOX Sports: Live Streaming, Scores & News",get,6
"FOX Sports: Live Streaming, Scores & News",sport,2
"FOX Sports: Live Streaming, Scores & News",slot,1
"FOX Sports: Live Streaming, Scores & News",bi,1
"Fabulous: Motivate Me! Meditate, Relax, Sleep",healthy,1
Facebook,different,4
Facebook,browser,1
Facebook Ads Manager,functional,2
Facebook Local,worst,7
Facebook Local,proper,2
Facebook Local,date,1
Facebook Local,l,3
Facebook Pages Manager,massive,1
Facebook Pages Manager,least,1
Facebook Pages Manager,week,5
Facebook Pages Manager,necessar,1
Fallout Shelter,game,53
Fallout Shelter,fun,11
Fallout Shelter,able,7
Fallout Shelter,see,4
Fallout Shelter,differ,2
Family Album Mitene: Private Photo & Video Sharing,great,41
Family Album Mitene: Private Photo & Video Sharing,way,14
Family Album Mitene: Private Photo & Video Sharing,family,3
Family Dollar,horrible,3
Family Dollar,Sure,3
Family Dollar,clip,1
Family Dollar,moment,1
Family GPS Tracker and Chat + Baby Monitor Online,Excellent,6
Family GPS tracker KidControl + GPS by SMS Locator,week,5
Family GPS tracker KidControl + GPS by SMS Locator,accurate,2
Family GPS tracker KidControl + GPS by SMS Locator,easy,11
Family GPS tracker KidControl + GPS by SMS Locator,use,6
Family GPS tracker KidControl + GPS by SMS Locator,Q,1
FamilySearch Tree,ok,9
FamilySearch Tree,point,2
FamilySearch Tree,real,2
FamilySearch Tree,information,3
FamilySearch Tree,get,6
FamilySearch Tree,pay,4
FanDuel: Daily Fantasy Sports,case,1
FanDuel: Daily Fantasy Sports,trash,4
FanDuel: Daily Fantasy Sports,Good,51
FanDuel: Daily Fantasy Sports,help,3
Fandango Movies - Times + Tickets,convenience,1
Fandango Movies - Times + Tickets,search,5
Fandango Movies - Times + Tickets,movie,1
Fandango Movies - Times + Tickets,second,4
Fandango Movies - Times + Tickets,ser,1
Fantasy Football,ok,9
Fantasy Football,final,1
Fantasy Football,layout,1
Fantasy Football,year,7
Fantasy Football Manager (FPL),launch,1
Fantasy Football Manager (FPL),crash,3
Fantasy Football Manager (FPL),star,7
Farm Fruit Pop: Party Time,great,41
Farm Fruit Pop: Party Time,time,26
Farm Fruit Pop: Party Time,passer,1
Farm Fruit Pop: Party Time,way,14
Farming Simulator 18,Great,41
Farming Simulator 18,game,53
Farming Simulator 18,game,53
Farming Simulator 18,great,41
Farming Simulator 18,recentl,2
Fashion in Vogue,connect,2
Fast News,effort,1
Fast News,read,1
Fast News,article,2
Fast News,picture,1
Fast Scanner : Free PDF Scan,Simple,7
Fast Scanner : Free PDF Scan,use,6
Fast Scanner : Free PDF Scan,ridiculous,2
Fast Scanner : Free PDF Scan,way,14
Fast Secure VPN,work,9
Fast Secure VPN,patchy,1
Fast Secure VPN,connection,1
"FastMeet: Chat, Dating, Love",waste,2
"FastMeet: Chat, Dating, Love",restart,2
"FastMeet: Chat, Dating, Love",phone,20
"FastMeet: Chat, Dating, Love",rei,1
Fat Burning Workout - Home Weight lose,loss,1
Fat Burning Workout - Home Weight lose,conscious,1
Fate/Grand Order (English),hard,3
Fate/Grand Order (English),get,6
Fate/Grand Order (English),star,7
Fate/Grand Order (English),TRUE,1
Fate/Grand Order (English),sta,3
File Explorer,external,1
File Explorer,d,3
Files Go by Google: Free up space on your phone,someone,4
Files Go by Google: Free up space on your phone,simple,7
Files Go by Google: Free up space on your phone,advanced,1
FilterGrid - Cam&Photo Editor,thing,5
FilterGrid - Cam&Photo Editor,fliter,1
FilterGrid - Cam&Photo Editor,part,5
FilterGrid - Cam&Photo Editor,cant,2
FilterGrid - Cam&Photo Editor,choose,1
FilterGrid - Cam&Photo Editor,tho,1
Filters for Selfie,trash,4
Final Fantasy XV: A New Empire,play,2
Final Fantasy XV: A New Empire,game,53
Final Fantasy XV: A New Empire,able,7
Financial Times,chews,1
Find Dining Restaurant Finder,developer,4
Find Dining Restaurant Finder,first,6
Find&Save - Local Shopping,great,41
Find&Save - Local Shopping,first,6
Find&Save - Local Shopping,worth,1
FindShip,long,6
FindShip,time,26
FindShip,last,5
FindShip,week,5
FindShip,anything,2
Firefox Browser fast & private,company,3
Firefox Browser fast & private,favorit,1
Firefox Focus: The privacy browser,Worst,7
Firefox Focus: The privacy browser,Update,19
Fishdom,good,51
Fishdom,game,53
Fishdom,addictive,4
Fishdom,idea,3
Flashlight HD LED,fine,5
Flashlight HD LED,bright,2
Flickr,lot,19
Flickr,time,26
Flickr,example,1
Flickr,edit,2
Flight & Hotel Booking App - ixigo,pleased,1
Flight & Hotel Booking App - ixigo,ixigo,1
Flight & Hotel Booking App - ixigo,team,3
Flightradar24 Flight Tracker,Gold,1
Flightradar24 Flight Tracker,complain,1
Flightradar24 Flight Tracker,cost,4
Flightradar24 Flight Tracker,subscription,3
Flights,Excellent,6
Flip the Gun - Simulator Game,fun,11
Flip the Gun - Simulator Game,casual,1
Flip the Gun - Simulator Game,simple,7
Flip the Gun - Simulator Game,easy,11
Flip the Gun - Simulator Game,addicting,1
Flip the Gun - Simulator Game,game,53
Flipp - Weekly Shopping,app,56
Flippy Campus - Buy & sell on campus at a discount,good,51
FlirtChat - â™¥Free Dating/Flirting Appâ™?It's best I login far.. Simply best,Positive,105
FlirtChat - â™¥Free Dating/Flirting Appâ™?It's perfect dating chat people Face time,Positive,105
FlirtChat - â™¥Free Dating/Flirting Appâ™?Wonderful app.. best I must confess. You need here. Wonderful,Positive,105
FlirtChat - â™¥Free Dating/Flirting Appâ™?adv,Neutral,40
FlirtChat - â™¥Free Dating/Flirting Appâ™?Too many ads,Positive,105
FlirtChat - â™¥Free Dating/Flirting Appâ™?Flirt search lady,Neutral,40
FlirtChat - â™¥Free Dating/Flirting Appâ™?It's quite good chatting,Positive,105
FlirtChat - â™¥Free Dating/Flirting Appâ™?Trying,Neutral,40
FlirtChat - â™¥Free Dating/Flirting Appâ™?Usefulapps,Neutral,40
FlirtChat - â™¥Free Dating/Flirting Appâ™?Great,Positive,105
FlirtChat - â™¥Free Dating/Flirting Appâ™?It great,Positive,105
FlirtChat - â™¥Free Dating/Flirting Appâ™?Nice,Positive,105
FlirtChat - â™¥Free Dating/Flirting Appâ™?Love,Positive,105
FlirtChat - â™¥Free Dating/Flirting Appâ™?Good,Positive,105
"FlirtChat - â™¥Free Dating/Flirting Appâ™?""",functional,2
"FlirtChat - â™¥Free Dating/Flirting Appâ™?""",pretty,1
FlirtChat - â™¥Free Dating/Flirting Appâ™?Fake accounts ++ . Tested remote part Australia nearest possible user 5km away. Got many hits toilet seats Southern cross station (melbourne).,Negative,24
Floor Plan Creator,addictive,4
Floor Plan Creator,sug,1
Flow Free,daily,1
Flow Free,new,17
Flow Free,size,1
Flowers Live Wallpaper,tacky,1
Flowers Live Wallpaper,everyth,1
Fly Delta,useful,8
Fly Delta,full,3
FollowMyHealthÂ®,doctor,2
FollowMyHealthÂ®,best,16
FollowMyHealthÂ®,pat,1
Font Studio- Photo Texts Image,ton,1
Font Studio- Photo Texts Image,sort,1
Font Studio- Photo Texts Image,ad,4
Font Studio- Photo Texts Image,sinc,1
Food Calorie Calculator,permission,2
Food Calorie Calculator,manage,1
Food Calorie Calculator,phone,20
Food Calorie Calculator,reaso,1
Food Network,favorite,5
Food Network,apps,4
Fooducate Healthy Weight Loss & Calorie Counter,good,51
Fooducate Healthy Weight Loss & Calorie Counter,food,4
Fooducate Healthy Weight Loss & Calorie Counter,see,4
Fooducate Healthy Weight Loss & Calorie Counter,bad,7
Fooducate Healthy Weight Loss & Calorie Counter,explan,1
Football Live Scores,fine,5
Football Live Scores,old,9
Football Live Scores,xiaomi,1
Football Live Scores,phone,20
ForecaWeather,accurate,2
ForecaWeather,weather,3
ForecaWeather,area,2
ForecaWeather,widget,3
Fortune City - A Finance App,app,56
Fortune City - A Finance App,version,12
Four In A Line,perfect,6
Four In A Line,intrusive,2
Four In A Line,star,7
Four In A Line Free,best,16
Four In A Line Free,Most,2
Four In A Line Free,impor,1
Foursquare City Guide,load,2
Foursquare City Guide,pull,1
Foursquare Swarm: Check In,widget,3
Foursquare Swarm: Check In,......,1
Fox Business,Good,51
Fox Business,quality,3
Fox Business,coverage,1
Fox Business,world,1
Fox Business,stock,2
Fox Business,mark,1
"Fox News â€?Breaking News, Live Video & News Alerts",live,2
"Fox News â€?Breaking News, Live Video & News Alerts",stream,2
"Fox News â€?Breaking News, Live Video & News Alerts",Conta,1
Free & Premium VPN - FinchVPN,register,1
Free & Premium VPN - FinchVPN,anything,2
Free & Premium VPN - FinchVPN,free,10
"Free Dating App - YoCutie - Flirt, Chat & Meet",old,9
"Free Dating App - YoCutie - Flirt, Chat & Meet",rea,1
Free Dating Hook Up Messenger,many,19
Free Foreclosure Real Estate Search by USHUD.com,mortgage,1
Free Foreclosure Real Estate Search by USHUD.com,lender,1
Free Foreclosure Real Estate Search by USHUD.com,advertising,1
Free Foreclosure Real Estate Search by USHUD.com,app,56
Free Foreclosure Real Estate Search by USHUD.com,scam,2
"Free TV Shows App:News, TV Series, Episode, Movies",terrific,1
Free live weather on screen,app,56
Free live weather on screen,appreciate,1
"Free phone calls, free texting SMS on free number",pick,2
"Free phone calls, free texting SMS on free number",phone,20
"Free phone calls, free texting SMS on free number",number,2
"Free phone calls, free texting SMS on free number",major,2
FreePrints â€?Free Photos Delivered,good,51
FreePrints â€?Free Photos Delivered,review,5
Freeletics: Personal Trainer & Fitness Workouts,way,14
Freeletics: Personal Trainer & Fitness Workouts,free,10
Freeletics: Personal Trainer & Fitness Workouts,app,56
Freeletics: Personal Trainer & Fitness Workouts,....,1
Fresh EBT - Food Stamp Balance,long,6
Fresh EBT - Food Stamp Balance,time,26
Fresh EBT - Food Stamp Balance,tired,1
Fresh EBT - Food Stamp Balance,ask,1
FreshBooks Classic,see,4
FreshBooks Classic,support,1
Frontback - Social Photos,Many,19
Frontback - Social Photos,action,2
Frontback - Social Photos,automatic,2
Frontback - Social Photos,time,26
Frozen Free Fall,game,53
Frozen Free Fall,however-,1
Frozen Free Fall,game,53
Frozen Free Fall,uninstall,1
Frozen Free Fall,r,5
Fruit Block - Puzzle Legend,problem,9
Fruit Block - Puzzle Legend,problem,9
Fruits Bomb,great,41
Fruits Bomb,game,53
Fruits Bomb,level,6
Fuelio: Gas log & costs,impact,1
Fuelio: Gas log & costs,Average,1
Fuelio: Gas log & costs,cost,4
Fuelio: Gas log & costs,kilometer,1
Full Screen Caller ID,much,14
Full Screen Caller ID,phone,20
Full Screen Caller ID,phone,20
Full Screen Caller ID,full,3
Full Screen Caller ID,pro,1
Fun Kid Racing,nothing,6
Fun Kid Racing - Motocross,exist,1
Fun Kid Racing - Motocross,playstore,1
Funny Alarm Clock Ringtones,beautiful,2
Funny Alarm Clock Ringtones,sound,5
Funny Alarm Clock Ringtones,rooster,1
Funny Pics,first,6
Funny Pics,thing,5
"GANMA! - ã‚ªãƒªã‚¸ãƒŠãƒ«æ¼«ç”»ãŒå…¨è©±ç„¡æ–™ã§èª­ã¿æ”¾é¡?""This application is useful for those studying Japanese! Thank you from Brazil! This useful study Japanese. It looks good GANMA need improvement design! It looks good",good,51
"GANMA! - ã‚ªãƒªã‚¸ãƒŠãƒ«æ¼«ç”»ãŒå…¨è©±ç„¡æ–™ã§èª­ã¿æ”¾é¡?""This application is useful for those studying Japanese! Thank you from Brazil! This useful study Japanese. It looks good GANMA need improvement design! It looks good",user,5
"GANMA! - ã‚ªãƒªã‚¸ãƒŠãƒ«æ¼«ç”»ãŒå…¨è©±ç„¡æ–™ã§èª­ã¿æ”¾é¡?""This application is useful for those studying Japanese! Thank you from Brazil! This useful study Japanese. It looks good GANMA need improvement design! It looks good",zoom,1
"GANMA! - ã‚ªãƒªã‚¸ãƒŠãƒ«æ¼«ç”»ãŒå…¨è©±ç„¡æ–™ã§èª­ã¿æ”¾é¡?""I love this app! You can learn Japanese while reading in Japanese. However",perfect,6
"GANMA! - ã‚ªãƒªã‚¸ãƒŠãƒ«æ¼«ç”»ãŒå…¨è©±ç„¡æ–™ã§èª­ã¿æ”¾é¡?""I know might little weird ask but",possible,2
"GANMA! - ã‚ªãƒªã‚¸ãƒŠãƒ«æ¼«ç”»ãŒå…¨è©±ç„¡æ–™ã§èª­ã¿æ”¾é¡?""I know might little weird ask but",english,3
"GANMA! - ã‚ªãƒªã‚¸ãƒŠãƒ«æ¼«ç”»ãŒå…¨è©±ç„¡æ–™ã§èª­ã¿æ”¾é¡?""I know might little weird ask but",translation,1
GANMA! - ã‚ªãƒªã‚¸ãƒŠãƒ«æ¼«ç”»ãŒå…¨è©±ç„¡æ–™ã§èª­ã¿æ”¾é¡?The next episode is screen white with a probability of eight. Forced termination every time. There is no other comic book application like this. worst. There was not this before. Did you do it?,Negative,24
GANMA! - ã‚ªãƒªã‚¸ãƒŠãƒ«æ¼«ç”»ãŒå…¨è©±ç„¡æ–™ã§èª­ã¿æ”¾é¡?Why do not you have a furigana? I am dissatisfied with my reading. = (,Negative,24
GMAT Math Flashcards,helpful,5
GMAT Math Flashcards,great,41
GMAT Math Flashcards,able,7
GMAT Math Flashcards,flip,1
GMAT Question Bank,nice,11
GMAT Question Bank,useful,8
GMX Mail,attractive,2
GMX Mail,excellent,6
GMX Mail,mail,1
GMX Mail,user,5
"GO Keyboard - Cute Emojis, Themes and GIFs",HELL,2
"GO Keyboard - Emoticon keyboard, Free Theme, GIF",phone,20
"GO Keyboard - Emoticon keyboard, Free Theme, GIF",function,3
GO Notifier,work,9
GO Notifier,reason,6
GO Notifier,counte,1
"GO SMS Pro - Messenger, Free Themes, Emoji",su,1
"GPS Speedometer, Distance Meter",idiot,1
"GPS Speedometer, Distance Meter",turn,1
GPS Status & Toolbox,long,6
GPS Status & Toolbox,time,26
GPS Status & Toolbox,attention,1
GPS Traffic Speedcam Route Planner by ViaMichelin,navigation,2
GPS Traffic Speedcam Route Planner by ViaMichelin,apps,4
GRE Flashcards,addiction,1
GRE Flashcards,finis,1
GRE Prep & Practice by Magoosh,high,2
GRE Prep & Practice by Magoosh,quality,3
GRE Prep & Practice by Magoosh,video,7
GRE Tutor,perfect,6
GRE Tutor,score,2
GRE Tutor,verbal,1
GRE Tutor,great,41
GUNSHIP BATTLE: Helicopter 3D,game,53
GUNSHIP BATTLE: Helicopter 3D,addictive,4
GUNSHIP BATTLE: Helicopter 3D,awesome,7
Galactic Core Free Wallpaper,Wish,5
Galactic Core Free Wallpaper,free,10
Galactic Core Free Wallpaper,version,12
Galactic Core Free Wallpaper,great,41
Galactic Core Free Wallpaper,wallpaper,3
Galaxy Attack: Alien Shooter,part,5
Galaxy Attack: Alien Shooter,game,53
Galaxy Attack: Alien Shooter,reason,6
Galaxy Attack: Alien Shooter,rate,5
"Game of Thrones: Conquestâ„?""No skill needed play game",lot,19
"Game of Thrones: Conquestâ„?""No skill needed play game",money,4
"Game of Thrones: Conquestâ„?""Very much like kingdoms Camelot",app,56
"Game of Thrones: Conquestâ„?""Very much like kingdoms Camelot",crash,3
"Game of Thrones: Conquestâ„?""Very much like kingdoms Camelot",bug,3
Game of Thrones: Conquestâ„?Really I think game sucks,Negative,24
Garden Coloring Book,book,1
Garden Coloring Book,ap,1
Garden Fruit Legend,game,53
Garden Photo Frames - Garden Photo Editor,app,56
Garden Photo Frames - Garden Photo Editor,good,51
Garden Photo Frames - Garden Photo Editor,.....,1
Gardenscapes,last,5
Gardenscapes,update,19
Gardenscapes,game,53
Garena Free Fire,bolt,1
Garena Free Fire,action,2
Garena Free Fire,wou,1
"Garmin Connectâ„?""Update 4.9.4",sleep,3
"Garmin Connectâ„?""This relatively useless. After recent update",syncs,1
"Garmin Connectâ„?""This relatively useless. After recent update",respond,1
"Garmin Connectâ„?""This relatively useless. After recent update",requ,1
"Garmin Connectâ„?""My Garmin ViviFit3 connected rarely beginning Samsung Galaxy Tab A (running 7.0)",multille,1
"Garmin Connectâ„?""My Garmin ViviFit3 connected rarely beginning Samsung Galaxy Tab A (running 7.0)",whike,1
"Garmin Connectâ„?""Still another update",last,5
"Garmin Connectâ„?""Still another update",update,19
Garmin Connectâ„?What absolute crock is. White white text login password. Then connect vivoactive HR. Android see Bluetooth fails. Switch iOS works straight away. Garmin shamed putting junk like this.,Negative,24
"Garmin Connectâ„?""It's great watch",guys,2
"Garmin Connectâ„?""It's great watch",fix,4
"Garmin Connectâ„?""It's great watch",pedometer,1
"Garmin Connectâ„?""It's great watch",great,41
"Garmin Connectâ„?""The good. It tracks steps",sleep,3
"Garmin Connectâ„?""The good. It tracks steps",heart,1
"Garmin Connectâ„?""The good. It tracks steps",rate,5
"Garmin Connectâ„?""The good. It tracks steps",cheap,1
"Garmin Connectâ„?""The good. It tracks steps",st,3
"Garmin Connectâ„?""Sick back teeth app/watch. If giving wildly inaccurate readings stairs sleeping",sync,2
"Garmin Connectâ„?""Sick back teeth app/watch. If giving wildly inaccurate readings stairs sleeping",record,1
"Garmin Connectâ„?""Sick back teeth app/watch. If giving wildly inaccurate readings stairs sleeping",music,2
"Garmin Connectâ„?""The smart notifications need fixed. Everytime updated",re,2
Garmin Connectâ„?Always connection issues. Just open close turn Bluetooth several times connects. It's really annoying.,Negative,24
"Garmin Connectâ„?""It's useful but",friends,1
"Garmin Connectâ„?""It's useful but",fix,4
"Garmin Connectâ„?""Love app",weight,1
"Garmin Connectâ„?""Love app",indoor,1
"Garmin Connectâ„?""Love app",e,4
"Garmin Connectâ„?""""""We release new features updates every month"""" Like what? Where they? What's new meant show exactly that",new,17
Garmin Connectâ„?All sudde fails import/ sync sleep steps data Forerunner 235,Negative,24
"Garmin Connectâ„?""Great app",problem,9
"Garmin Connectâ„?""Great app",new,17
Garmin Connectâ„?Lousy app... connect failed note 7,Negative,24
"Garmin Connectâ„?""I like app",p20,1
"Garmin Connectâ„?""I like app",p10,1
"Garmin Connectâ„?""I like",good,51
"Garmin Connectâ„?""I like",display,1
"Garmin Connectâ„?""I like",computer,3
"Garmin Connectâ„?""I like",mobile,8
GasBuddy: Find Cheap Gas,large,2
GasBuddy: Find Cheap Gas,logos,1
GasBuddy: Find Cheap Gas,top,2
GasBuddy: Find Cheap Gas,gas,1
GasBuddy: Find Cheap Gas,sta,3
Gay Sugar Daddy Dating & Hookup â€?Sudy Gay,difficult,2
Gay Sugar Daddy Dating & Hookup â€?Sudy Gay,message,3
Gay Sugar Daddy Dating & Hookup â€?Sudy Gay,someone,4
Gboard - the Google Keyboard,good,51
Gboard - the Google Keyboard,slide,1
Gboard - the Google Keyboard,part,5
Gboard - the Google Keyboard,Tha,1
Gems or jewels ?,game,53
Gems or jewels ?,relaxing,1
Gems or jewels ?,long,6
Gems or jewels ?,day,6
Genius Scan - PDF Scanner,multip,1
GoBank,good,51
GoBank,card,5
GoPro (formerly Capture),concept,2
GoPro (formerly Capture),aspect,2
GoPro (formerly Capture),slow,5
GoPro (formerly Capture),buggy,2
GoPro (formerly Capture),Uploa,1
Goal Live Scores,instant,1
Goal Live Scores,update,19
Goal Live Scores,in-app,1
Goal Live Scores,sta,3
Goibibo - Flight Hotel Bus Car IRCTC Booking App,worst,7
Goibibo - Flight Hotel Bus Car IRCTC Booking App,customer,4
Goibibo - Flight Hotel Bus Car IRCTC Booking App,care,1
Goku Wallpaper Art,wallpaper,3
Golden Dictionary (EN-AR),sound,5
Golden Launcher,eating,1
Golden Launcher,battery,1
Golden Launcher,hot,1
Goldstar: Live Event Tickets,customer,4
Golf Channel,joke,2
Golf Channel,fast,1
Golf Channel,sit,1
Golf Channel,wait,1
Golf Channel,video,7
Golf Channel,content,3
Golf GPS by SwingxSwing,review,5
Golf GPS by SwingxSwing,tim,1
GolfLogix GPS + Putt Breaks,stupid,2
GolfLogix GPS + Putt Breaks,putt,1
"GolfNow: Tee Time Deals at Golf Courses, Golf GPS",love,6
"GolfNow: Tee Time Deals at Golf Courses, Golf GPS",app,56
"GolfNow: Tee Time Deals at Golf Courses, Golf GPS",area,2
"GolfNow: Tee Time Deals at Golf Courses, Golf GPS",deal,1
Golfshot Plus: Golf GPS,star,7
Golfshot Plus: Golf GPS,signal,1
Golfshot Plus: Golf GPS,c,2
Golfshot: Golf GPS + Tee Times,recentl,2
GoodRx Drug Prices and Coupons,differ,2
Google Ads,terrible,5
Google Ads,job,1
Google Ads,something,2
Google Earth,lot,19
Google Earth,google,1
Google Earth,translate,3
Google Earth,t,2
Google Fit - Fitness Tracking,rubbish,1
Google Fit - Fitness Tracking,much,14
Google Fit - Fitness Tracking,phon,4
Google Handwriting Input,original,2
Google Handwriting Input,tablet,2
Google Handwriting Input,p,4
Google Keep,reminder,1
Google Keep,function,3
Google Keep,loca,1
Google My Business,cover,1
Google My Business,photo,1
Google My Business,new,17
Google News,phone,20
Google News,news,8
Google News,try,4
Google News,o,2
Google PDF Viewer,basic,3
Google Pay,way,14
Google Pay,view,2
Google Pay,cash,1
Google Pay,balance,1
Graphing Calculator,decent,2
Grim Soul: Dark Fantasy Survival,interesting,2
Grim Soul: Dark Fantasy Survival,game,53
Groovebook Photo Books & Gifts,du,1
GroupMe,intuitive,4
GroupMe,easy,11
GroupMe,use,6
GroupMe,great,41
GroupMe,connecting,1
"Groupon - Shop Deals, Discounts & Coupons",everything,4
"Groupon - Shop Deals, Discounts & Coupons",groupon,1
"Groupon - Shop Deals, Discounts & Coupons",exception,1
Guns of Glory,scam,2
Guns of Glory,None,2
Guns of Glory,existent,1
Guns of Glory,customer,4
Gyft - Mobile Gift Card Wallet,risk,1
Gyft - Mobile Gift Card Wallet,gift,1
Gyft - Mobile Gift Card Wallet,card,5
Gyft - Mobile Gift Card Wallet,work,9
Gyft - Mobile Gift Card Wallet,ref,1
H Pack,app,56
H Pack,reason,6
H TV,good,51
H TV,many,19
H TV,available,2
H&M,Horrible,3
H&M,customer,4
H&M,order,5
H&M,app,56
H&M,shopping,1
H&M,cart,1
HBO GO: Stream with TV Package,Excellent,6
HBO GO: Stream with TV Package,long,6
HBO GO: Stream with TV Package,content,3
HD Camera Ultra,review,5
HD Camera for Android,great,41
HD Camera for Android,great,41
HD Camera for Android,anno,1
HD Movie Video Player,video,7
HD Movie Video Player,part,5
HD Movie Video Player,video,7
HD Movie Video Player,Cr,1
HD Video Player,place,2
HD Video Player,video,7
HD Video Player,p,4
HD Widgets,weather,3
HD Widgets,locator,1
HD Widgets,rig,1
HESI A2 Pocket Prep,relief,1
HESI A2 Pocket Prep,test,2
HESI A2 Pocket Prep,gua,1
HISTORY: Watch TV Show Full Episodes & Specials,many,19
HISTORY: Watch TV Show Full Episodes & Specials,l,3
HTC Help,new,17
HTC Help,phone,20
HTC Help,charger,1
HTC Help,origin,1
HTC Lock Screen,yesterday,4
HTC Mail,put,1
HTC Mail,name,1
HTC Sense Input,way,14
HTC Sense Input,change,4
HTC Sense Input,press,2
HTC Sense Input-AR,upset,1
HTC Sense Input-AR,htc,1
HTC Sense Input-AR,phone,20
HTC Sense Input-AR,fix,4
HTC Sense Input-AR,pl,1
HTC Service ï¼?DLNA,help,3
HTC Service ï¼?DLNA,phone,20
HTC Serviceâ€”Video Player,file,2
HTC Serviceâ€”Video Player,type,3
HTC Serviceâ€”Video Player,unsupported,1
HTC Serviceâ€”Video Player,lot,19
HTC Social Plugin - Facebook,description,1
HTC Social Plugin - Facebook,please,4
HTC Social Plugin - Facebook,edit,2
HTC Social Plugin - Facebook,descript,1
HTC Speak,success,3
HTC Speak,ratio,1
HTC Speak,hard,3
HTC Speak,time,26
HTC Speak,re,2
HTC Weather,problem,9
HTC Weather,till,1
HTC Weather,sound,5
Hacker's Keyboard,damn,1
Hacker's Keyboard,fine,5
Hacker's Keyboard,work,9
Hacker's Keyboard,novelist,1
Hacker's Keyboard,best,16
Hacker's Keyboard,ke,2
Hairstyles step by step,hair,1
Hairstyles step by step,good,51
Hairstyles step by step,thing,5
Hairstyles step by step,cuz,1
Hairstyles step by step,harder,2
Hairstyles step by step,stuf,1
Hamilton â€?The Official App,helpless,1
Hamilton â€?The Official App,perfect,6
Hamilton â€?The Official App,huge,1
Hamilton â€?The Official App,fan,3
Hangouts,other,3
Hangouts,profile,1
Hangouts,fr,1
Happy Birthday Songs Offline,best,16
Happy Birthday Songs Offline,many,19
Happy Birthday Songs Offline,th,2
Happy Fruits Bomb - Cube Blast,game,53
Happy Fruits Bomb - Cube Blast,lot,19
Happy Fruits Bomb - Cube Blast,level,6
Happy Fruits Bomb - Cube Blast,melon,1
Happy Fruits Bomb - Cube Blast,fiel,1
Happy Street,reason,6
Happy Street,game,53
Happy Street,star,7
Happy Street,review,5
Harkins Theatres,worthless,1
Harkins Theatres,uninsta,1
Harry Potter: Hogwarts Mystery,energy,1
Hay Day,couple,7
Hay Day,boat,1
Health and Nutrition Guide,informed,1
HealtheLife,%,1
HealtheLife,time,26
HealtheLife,recent,1
HealtheLife,update,19
HealtheLife,load,2
Healthy Recipes Free,problem,9
Healthy Recipes Free,immediate,2
Healthy Recipes Free,shu,1
Helix Jump,game,53
Hello Kitty Lunchbox,great,41
Hello Kitty Lunchbox,game,53
Hello Kitty Lunchbox,developer,4
Hello Kitty Lunchbox,fu,1
Hello Stars,puzzle,1
Hello Stars,game,53
"Herpes Dating: 1,000K+ Singles",unreasonable,1
"Herpes Dating: 1,000K+ Singles",new,17
"Herpes Dating: 1,000K+ Singles",interface,2
"Hide Something - Photo, Video",issues.I,1
"Hide Something - Photo, Video",thumbprint,1
"Hide Something - Photo, Video",setup,2
Hideman VPN,monthly,1
Hideman VPN,subscription,3
High Blood Pressure Symptoms,free,10
High Blood Pressure Symptoms,app,56
High Blood Pressure Symptoms,FALSE,1
High Blood Pressure Symptoms,advertisement,1
High-Powered Flashlight,strong,1
High-Powered Flashlight,light,1
High-Powered Flashlight,bad,7
"High-Speed Camera (GIF,Burst)",good,51
"High-Speed Camera (GIF,Burst)",video,7
"High-Speed Camera (GIF,Burst)",function,3
Hill Climb Racing 2,improvement,2
Hill Climb Racing 2,Change,4
Hill Climb Racing 2,throttl,1
"Hily: Dating, Chat, Match, Meet & Hook up",fake,1
"Hily: Dating, Chat, Match, Meet & Hook up",college,1
"Hily: Dating, Chat, Match, Meet & Hook up",p,4
Hinge: Dating & Relationships,UPDATE,19
Hinge: Dating & Relationships,sync,2
HipChat - Chat Built for Teams,idle,1
HipChat - Chat Built for Teams,reconnect,1
HipChat - Chat Built for Teams,server,1
HipChat - Chat Built for Teams,sign,1
HipChat - Chat Built for Teams,time,26
Hipmunk Hotels & Flights,great,41
Hipmunk Hotels & Flights,aggregate,1
Hipmunk Hotels & Flights,app,56
Hipmunk Hotels & Flights,favorite,5
Hipmunk Hotels & Flights,bo,1
Home Decor Showpiece Art making: Medium Difficulty,worst,7
Home Decor Showpiece Art making: Medium Difficulty,........,1
Home ScoutingÂ® MLS Mobile,password,4
Home ScoutingÂ® MLS Mobile,ont,1
Home Security Camera WardenCam - reuse old phones,intuitive,4
Home Security Camera WardenCam - reuse old phones,functionality,1
Home Street â€?Home Design Game,great,41
Home Street â€?Home Design Game,stuff,1
Home Street â€?Home Design Game,game,53
Home Street â€?Home Design Game,much,14
Home Workout - No Equipment,year,7
Home Workout - No Equipment,old,9
Home Workout - No Equipment,woman,1
Home Workout - No Equipment,practice,2
Home Workout - No Equipment,pole,1
Home Workout - No Equipment,fitness,1
Home Workout for Men - Bodybuilding,wonderful,2
Home Workout for Men - Bodybuilding,..,1
Home Workout for Men - Bodybuilding,lot,19
Home Workout for Men - Bodybuilding,.....,1
"Homes.com ğŸ  For Sale, Rent",lot,19
Homesnap Real Estate & Rentals,good,51
Homesnap Real Estate & Rentals,home,4
Homesnap Real Estate & Rentals,search,5
Homesnap Real Estate & Rentals,enough,1
Homesnap Real Estate & Rentals,filt,1
Homestyler Interior Design & Decorating Ideas,issue,3
Homestyler Interior Design & Decorating Ideas,white,1
Homework Planner,useful,8
Homework Planner,correc,1
Honkai Impact 3rd,super,2
Honkai Impact 3rd,fun,11
Hopper - Watch & Book Flights,flight,1
Horoscopes â€?Daily Zodiac Horoscope and Astrology,percent,1
Horoscopes â€?Daily Zodiac Horoscope and Astrology,compatibility,1
Horoscopes â€?Daily Zodiac Horoscope and Astrology,relation,1
Hostelworld: Hostels & Cheap Hotels Travel App,overview,1
Hostelworld: Hostels & Cheap Hotels Travel App,need,2
Hotels Combined - Cheap deals,unimpressed,1
Hotels.com: Book Hotel Rooms & Find Vacation Deals,app,56
Hotels.com: Book Hotel Rooms & Find Vacation Deals,useless,2
Hotspot Shield Free VPN Proxy & Wi-Fi Security,free,10
Hotspot Shield Free VPN Proxy & Wi-Fi Security,trial,1
Hotspot Shield Free VPN Proxy & Wi-Fi Security,credit,1
Hotspot Shield Free VPN Proxy & Wi-Fi Security,card,5
Hotspot Shield Free VPN Proxy & Wi-Fi Security,Stupid,2
