App,KeyWords
10 Best Foods for You,delicious
10 Best Foods for You,food
104 æ‰¾å·¥ä½?- æ‰¾å·¥ä½?æ‰¾æ‰“å·?æ‰¾å…¼è?å±¥æ­·å¥æª¢ å±¥æ­·è¨ºç™‚å®?Great,Positive
104 æ‰¾å·¥ä½?- æ‰¾å·¥ä½?æ‰¾æ‰“å·?æ‰¾å…¼è?å±¥æ­·å¥æª¢ å±¥æ­·è¨ºç™‚å®?nice,Positive
104 æ‰¾å·¥ä½?- æ‰¾å·¥ä½?æ‰¾æ‰“å·?æ‰¾å…¼è?å±¥æ­·å¥æª¢ å±¥æ­·è¨ºç™‚å®?Almost mobile phone,Neutral
"104 æ‰¾å·¥ä½?- æ‰¾å·¥ä½?æ‰¾æ‰“å·?æ‰¾å…¼è?å±¥æ­·å¥æª¢ å±¥æ­·è¨ºç™‚å®?""Very effective",efficient
"104 æ‰¾å·¥ä½?- æ‰¾å·¥ä½?æ‰¾æ‰“å·?æ‰¾å…¼è?å±¥æ­·å¥æª¢ å±¥æ­·è¨ºç™‚å®?""Very effective",convenient
"104 æ‰¾å·¥ä½?- æ‰¾å·¥ä½?æ‰¾æ‰“å·?æ‰¾å…¼è?å±¥æ­·å¥æª¢ å±¥æ­·è¨ºç™‚å®?""Very effective",available
104 æ‰¾å·¥ä½?- æ‰¾å·¥ä½?æ‰¾æ‰“å·?æ‰¾å…¼è?å±¥æ­·å¥æª¢ å±¥æ­·è¨ºç™‚å®?Easy intuitive,Positive
104 æ‰¾å·¥ä½?- æ‰¾å·¥ä½?æ‰¾æ‰“å·?æ‰¾å…¼è?å±¥æ­·å¥æª¢ å±¥æ­·è¨ºç™‚å®?good searching job internship,Positive
"104 æ‰¾å·¥ä½?- æ‰¾å·¥ä½?æ‰¾æ‰“å·?æ‰¾å…¼è?å±¥æ­·å¥æª¢ å±¥æ­·è¨ºç™‚å®?""Not bad",price
"104 æ‰¾å·¥ä½?- æ‰¾å·¥ä½?æ‰¾æ‰“å·?æ‰¾å…¼è?å±¥æ­·å¥æª¢ å±¥æ­·è¨ºç™‚å®?""Not bad",little
"104 æ‰¾å·¥ä½?- æ‰¾å·¥ä½?æ‰¾æ‰“å·?æ‰¾å…¼è?å±¥æ­·å¥æª¢ å±¥æ­·è¨ºç™‚å®?""Not bad",bit
"104 æ‰¾å·¥ä½?- æ‰¾å·¥ä½?æ‰¾æ‰“å·?æ‰¾å…¼è?å±¥æ­·å¥æª¢ å±¥æ­·è¨ºç™‚å®?""Not bad",expensive
104 æ‰¾å·¥ä½?- æ‰¾å·¥ä½?æ‰¾æ‰“å·?æ‰¾å…¼è?å±¥æ­·å¥æª¢ å±¥æ­·è¨ºç™‚å®?easy use!,Positive
104 æ‰¾å·¥ä½?- æ‰¾å·¥ä½?æ‰¾æ‰“å·?æ‰¾å…¼è?å±¥æ­·å¥æª¢ å±¥æ­·è¨ºç™‚å®?job search results iOS e.g. security,Neutral
104 æ‰¾å·¥ä½?- æ‰¾å·¥ä½?æ‰¾æ‰“å·?æ‰¾å…¼è?å±¥æ­·å¥æª¢ å±¥æ­·è¨ºç™‚å®?easy,Positive
"104 æ‰¾å·¥ä½?- æ‰¾å·¥ä½?æ‰¾æ‰“å·?æ‰¾å…¼è?å±¥æ­·å¥æª¢ å±¥æ­·è¨ºç™‚å®?""Well",largest
"104 æ‰¾å·¥ä½?- æ‰¾å·¥ä½?æ‰¾æ‰“å·?æ‰¾å…¼è?å±¥æ­·å¥æª¢ å±¥æ­·è¨ºç™‚å®?""Well",human
"104 æ‰¾å·¥ä½?- æ‰¾å·¥ä½?æ‰¾æ‰“å·?æ‰¾å…¼è?å±¥æ­·å¥æª¢ å±¥æ­·è¨ºç™‚å®?""Well",bank
104 æ‰¾å·¥ä½?- æ‰¾å·¥ä½?æ‰¾æ‰“å·?æ‰¾å…¼è?å±¥æ­·å¥æª¢ å±¥æ­·è¨ºç™‚å®?So,Neutral
104 æ‰¾å·¥ä½?- æ‰¾å·¥ä½?æ‰¾æ‰“å·?æ‰¾å…¼è?å±¥æ­·å¥æª¢ å±¥æ­·è¨ºç™‚å®?Very useful,Positive
104 æ‰¾å·¥ä½?- æ‰¾å·¥ä½?æ‰¾æ‰“å·?æ‰¾å…¼è?å±¥æ­·å¥æª¢ å±¥æ­·è¨ºç™‚å®?Helpful,Neutral
104 æ‰¾å·¥ä½?- æ‰¾å·¥ä½?æ‰¾æ‰“å·?æ‰¾å…¼è?å±¥æ­·å¥æª¢ å±¥æ­·è¨ºç™‚å®?Very good job hunt,Positive
104 æ‰¾å·¥ä½?- æ‰¾å·¥ä½?æ‰¾æ‰“å·?æ‰¾å…¼è?å±¥æ­·å¥æª¢ å±¥æ­·è¨ºç™‚å®?Easy to use.,Positive
104 æ‰¾å·¥ä½?- æ‰¾å·¥ä½?æ‰¾æ‰“å·?æ‰¾å…¼è?å±¥æ­·å¥æª¢ å±¥æ­·è¨ºç™‚å®?Good find job easily,Positive
104 æ‰¾å·¥ä½?- æ‰¾å·¥ä½?æ‰¾æ‰“å·?æ‰¾å…¼è?å±¥æ­·å¥æª¢ å±¥æ­·è¨ºç™‚å®?Good meet good,Positive
104 æ‰¾å·¥ä½?- æ‰¾å·¥ä½?æ‰¾æ‰“å·?æ‰¾å…¼è?å±¥æ­·å¥æª¢ å±¥æ­·è¨ºç™‚å®?Awesomeee,Neutral
104 æ‰¾å·¥ä½?- æ‰¾å·¥ä½?æ‰¾æ‰“å·?æ‰¾å…¼è?å±¥æ­·å¥æª¢ å±¥æ­·è¨ºç™‚å®?Why English version???,Neutral
"104 æ‰¾å·¥ä½?- æ‰¾å·¥ä½?æ‰¾æ‰“å·?æ‰¾å…¼è?å±¥æ­·å¥æª¢ å±¥æ­·è¨ºç™‚å®?""The operation interface & information content is richer than 1111",use/utility
"104 æ‰¾å·¥ä½?- æ‰¾å·¥ä½?æ‰¾æ‰“å·?æ‰¾å…¼è?å±¥æ­·å¥æª¢ å±¥æ­·è¨ºç™‚å®?""Is the development method completed in the early days",computer
"104 æ‰¾å·¥ä½?- æ‰¾å·¥ä½?æ‰¾æ‰“å·?æ‰¾å…¼è?å±¥æ­·å¥æª¢ å±¥æ­·è¨ºç™‚å®?""Is the development method completed in the early days",version
"104 æ‰¾å·¥ä½?- æ‰¾å·¥ä½?æ‰¾æ‰“å·?æ‰¾å…¼è?å±¥æ­·å¥æª¢ å±¥æ­·è¨ºç™‚å®?""Is the development method completed in the early days",mobile
"104 æ‰¾å·¥ä½?- æ‰¾å·¥ä½?æ‰¾æ‰“å·?æ‰¾å…¼è?å±¥æ­·å¥æª¢ å±¥æ­·è¨ºç™‚å®?""Is the development method completed in the early days",app
104 æ‰¾å·¥ä½?- æ‰¾å·¥ä½?æ‰¾æ‰“å·?æ‰¾å…¼è?å±¥æ­·å¥æª¢ å±¥æ­·è¨ºç™‚å®?This better suited possibly somebody understands pitfalls modern technology,Positive
104 æ‰¾å·¥ä½?- æ‰¾å·¥ä½?æ‰¾æ‰“å·?æ‰¾å…¼è?å±¥æ­·å¥æª¢ å±¥æ­·è¨ºç™‚å®?104 job hunt So amazing.. easy use.. thanx guys,Positive
"104 æ‰¾å·¥ä½?- æ‰¾å·¥ä½?æ‰¾æ‰“å·?æ‰¾å…¼è?å±¥æ­·å¥æª¢ å±¥æ­·è¨ºç™‚å®?""Convenient",easy
"104 æ‰¾å·¥ä½?- æ‰¾å·¥ä½?æ‰¾æ‰“å·?æ‰¾å…¼è?å±¥æ­·å¥æª¢ å±¥æ­·è¨ºç™‚å®?""Convenient",many
"104 æ‰¾å·¥ä½?- æ‰¾å·¥ä½?æ‰¾æ‰“å·?æ‰¾å…¼è?å±¥æ­·å¥æª¢ å±¥æ­·è¨ºç™‚å®?""Convenient",large
"104 æ‰¾å·¥ä½?- æ‰¾å·¥ä½?æ‰¾æ‰“å·?æ‰¾å…¼è?å±¥æ­·å¥æª¢ å±¥æ­·è¨ºç™‚å®?""Convenient",corporation
104 æ‰¾å·¥ä½?- æ‰¾å·¥ä½?æ‰¾æ‰“å·?æ‰¾å…¼è?å±¥æ­·å¥æª¢ å±¥æ­·è¨ºç™‚å®?Easy to use interface,Positive
104 æ‰¾å·¥ä½?- æ‰¾å·¥ä½?æ‰¾æ‰“å·?æ‰¾å…¼è?å±¥æ­·å¥æª¢ å±¥æ­·è¨ºç™‚å®?easy simple easy use.,Positive
104 æ‰¾å·¥ä½?- æ‰¾å·¥ä½?æ‰¾æ‰“å·?æ‰¾å…¼è?å±¥æ­·å¥æª¢ å±¥æ­·è¨ºç™‚å®?easy found job,Positive
104 æ‰¾å·¥ä½?- æ‰¾å·¥ä½?æ‰¾æ‰“å·?æ‰¾å…¼è?å±¥æ­·å¥æª¢ å±¥æ­·è¨ºç™‚å®?Useful This useful Chinese difficult people's read Chinese. If add English language useful.,Positive
"104 æ‰¾å·¥ä½?- æ‰¾å·¥ä½?æ‰¾æ‰“å·?æ‰¾å…¼è?å±¥æ­·å¥æª¢ å±¥æ­·è¨ºç™‚å®?""Selling a phone number? After completing the resume for 20 minutes",mobile
104 æ‰¾å·¥ä½?- æ‰¾å·¥ä½?æ‰¾æ‰“å·?æ‰¾å…¼è?å±¥æ­·å¥æª¢ å±¥æ­·è¨ºç™‚å®?Very helpful Very easy user-friendly. Brilliant app.,Positive
104 æ‰¾å·¥ä½?- æ‰¾å·¥ä½?æ‰¾æ‰“å·?æ‰¾å…¼è?å±¥æ­·å¥æª¢ å±¥æ­·è¨ºç™‚å®?Good Very helpful,Positive
"104 æ‰¾å·¥ä½?- æ‰¾å·¥ä½?æ‰¾æ‰“å·?æ‰¾å…¼è?å±¥æ­·å¥æª¢ å±¥æ­·è¨ºç™‚å®?""Very good",convenient
104 æ‰¾å·¥ä½?- æ‰¾å·¥ä½?æ‰¾æ‰“å·?æ‰¾å…¼è?å±¥æ­·å¥æª¢ å±¥æ­·è¨ºç™‚å®?Ok,Positive
11st,Horrible
11st,verification
1800 Contacts - Lens Store,hassle
1800 Contacts - Lens Store,free
1800 Contacts - Lens Store,way
1800 Contacts - Lens Store,order
1800 Contacts - Lens Store,call
1LINE â€?One Line with One Touch,*
1LINE â€?One Line with One Touch,ad
1LINE â€?One Line with One Touch,single
1LINE â€?One Line with One Touch,level
1LINE â€?One Line with One Touch,restart
21-Day Meditation Experience,Terrible
21-Day Meditation Experience,user-friendly
21-Day Meditation Experience,original
21-Day Meditation Experience,app
21-Day Meditation Experience,....
"2Date Dating App, Love and matching",good
"2Date Dating App, Love and matching",dating
"2Date Dating App, Love and matching",app
"2Date Dating App, Love and matching",lot
2GIS: directory & navigator,lot
2GIS: directory & navigator,excellent
2GIS: directory & navigator,map
2RedBeans,platform
2RedBeans,thank
2ndLine - Second Phone Number,good
2ndLine - Second Phone Number,problem
2ndLine - Second Phone Number,groupch
30 Day Fitness Challenge - Workout at Home,great
30 Day Fitness Challenge - Workout at Home,u
30 Day Fitness Challenge - Workout at Home,chest
30 Day Fitness Challenge - Workout at Home,ba
365Scores - Live Scores,amazing
4K Wallpapers and Ultra HD Backgrounds,Nice
4K Wallpapers and Ultra HD Backgrounds,r
591æˆ¿å±‹äº¤æ˜“-ç§Ÿå±‹ã€ä¸­å¤å±‹ã€æ–°å»ºæ¡ˆã€å¯¦åƒ¹ç™»éŒ„ã€åˆ¥å¢…é€å¤©ã€å…¬å¯“å¥—æˆ¿ã€æ·é‹ã€è²·æˆ¿è³£æˆ¿è¡Œæƒ…ã€æˆ¿åƒ¹æˆ¿è²¸æŸ¥è©?This good searching house.,Positive
"591æˆ¿å±‹äº¤æ˜“-ç§Ÿå±‹ã€ä¸­å¤å±‹ã€æ–°å»ºæ¡ˆã€å¯¦åƒ¹ç™»éŒ„ã€åˆ¥å¢…é€å¤©ã€å…¬å¯“å¥—æˆ¿ã€æ·é‹ã€è²·æˆ¿è³£æˆ¿è¡Œæƒ…ã€æˆ¿åƒ¹æˆ¿è²¸æŸ¥è©?""This app is basically a landlord/seller oriented",design
"591æˆ¿å±‹äº¤æ˜“-ç§Ÿå±‹ã€ä¸­å¤å±‹ã€æ–°å»ºæ¡ˆã€å¯¦åƒ¹ç™»éŒ„ã€åˆ¥å¢…é€å¤©ã€å…¬å¯“å¥—æˆ¿ã€æ·é‹ã€è²·æˆ¿è³£æˆ¿è¡Œæƒ…ã€æˆ¿åƒ¹æˆ¿è²¸æŸ¥è©?""This app is basically a landlord/seller oriented",user
"591æˆ¿å±‹äº¤æ˜“-ç§Ÿå±‹ã€ä¸­å¤å±‹ã€æ–°å»ºæ¡ˆã€å¯¦åƒ¹ç™»éŒ„ã€åˆ¥å¢…é€å¤©ã€å…¬å¯“å¥—æˆ¿ã€æ·é‹ã€è²·æˆ¿è³£æˆ¿è¡Œæƒ…ã€æˆ¿åƒ¹æˆ¿è²¸æŸ¥è©?""This app is basically a landlord/seller oriented",n
"591æˆ¿å±‹äº¤æ˜“-ç§Ÿå±‹ã€ä¸­å¤å±‹ã€æ–°å»ºæ¡ˆã€å¯¦åƒ¹ç™»éŒ„ã€åˆ¥å¢…é€å¤©ã€å…¬å¯“å¥—æˆ¿ã€æ·é‹ã€è²·æˆ¿è³£æˆ¿è¡Œæƒ…ã€æˆ¿åƒ¹æˆ¿è²¸æŸ¥è©?""I have given examples. What else is unclear? Are you not making money? What is the debug user's help? Would you like to send me a case? â€”â€”â€”â€”â€”â€”â€”â€”â€”â€”â€”â€”â€”â€”â€”â€”â€”â€”â€?Search and screening can be a little more rotten",result
"591æˆ¿å±‹äº¤æ˜“-ç§Ÿå±‹ã€ä¸­å¤å±‹ã€æ–°å»ºæ¡ˆã€å¯¦åƒ¹ç™»éŒ„ã€åˆ¥å¢…é€å¤©ã€å…¬å¯“å¥—æˆ¿ã€æ·é‹ã€è²·æˆ¿è³£æˆ¿è¡Œæƒ…ã€æˆ¿åƒ¹æˆ¿è²¸æŸ¥è©?""I have given examples. What else is unclear? Are you not making money? What is the debug user's help? Would you like to send me a case? â€”â€”â€”â€”â€”â€”â€”â€”â€”â€”â€”â€”â€”â€”â€”â€”â€”â€”â€?Search and screening can be a little more rotten",team
"591æˆ¿å±‹äº¤æ˜“-ç§Ÿå±‹ã€ä¸­å¤å±‹ã€æ–°å»ºæ¡ˆã€å¯¦åƒ¹ç™»éŒ„ã€åˆ¥å¢…é€å¤©ã€å…¬å¯“å¥—æˆ¿ã€æ·é‹ã€è²·æˆ¿è³£æˆ¿è¡Œæƒ…ã€æˆ¿åƒ¹æˆ¿è²¸æŸ¥è©?""I have given examples. What else is unclear? Are you not making money? What is the debug user's help? Would you like to send me a case? â€”â€”â€”â€”â€”â€”â€”â€”â€”â€”â€”â€”â€”â€”â€”â€”â€”â€”â€?Search and screening can be a little more rotten",screene
591æˆ¿å±‹äº¤æ˜“-ç§Ÿå±‹ã€ä¸­å¤å±‹ã€æ–°å»ºæ¡ˆã€å¯¦åƒ¹ç™»éŒ„ã€åˆ¥å¢…é€å¤©ã€å…¬å¯“å¥—æˆ¿ã€æ·é‹ã€è²·æˆ¿è³£æˆ¿è¡Œæƒ…ã€æˆ¿åƒ¹æˆ¿è²¸æŸ¥è©?Rotten.... Pushing the broadcast has been pushed. Rotten....,Neutral
591æˆ¿å±‹äº¤æ˜“-ç§Ÿå±‹ã€ä¸­å¤å±‹ã€æ–°å»ºæ¡ˆã€å¯¦åƒ¹ç™»éŒ„ã€åˆ¥å¢…é€å¤©ã€å…¬å¯“å¥—æˆ¿ã€æ·é‹ã€è²·æˆ¿è³£æˆ¿è¡Œæƒ…ã€æˆ¿åƒ¹æˆ¿è²¸æŸ¥è©?Need phone permission? No way.,Neutral
591æˆ¿å±‹äº¤æ˜“-ç§Ÿå±‹ã€ä¸­å¤å±‹ã€æ–°å»ºæ¡ˆã€å¯¦åƒ¹ç™»éŒ„ã€åˆ¥å¢…é€å¤©ã€å…¬å¯“å¥—æˆ¿ã€æ·é‹ã€è²·æˆ¿è³£æˆ¿è¡Œæƒ…ã€æˆ¿åƒ¹æˆ¿è²¸æŸ¥è©?No english Such shame,Neutral
"591æˆ¿å±‹äº¤æ˜“-ç§Ÿå±‹ã€ä¸­å¤å±‹ã€æ–°å»ºæ¡ˆã€å¯¦åƒ¹ç™»éŒ„ã€åˆ¥å¢…é€å¤©ã€å…¬å¯“å¥—æˆ¿ã€æ·é‹ã€è²·æˆ¿è³£æˆ¿è¡Œæƒ…ã€æˆ¿åƒ¹æˆ¿è²¸æŸ¥è©?""Personal collection can't synchronize with the web version. The same account is added to the collection on the computer. After the app is logged in",none
"591æˆ¿å±‹äº¤æ˜“-ç§Ÿå±‹ã€ä¸­å¤å±‹ã€æ–°å»ºæ¡ˆã€å¯¦åƒ¹ç™»éŒ„ã€åˆ¥å¢…é€å¤©ã€å…¬å¯“å¥—æˆ¿ã€æ·é‹ã€è²·æˆ¿è³£æˆ¿è¡Œæƒ…ã€æˆ¿åƒ¹æˆ¿è²¸æŸ¥è©?""Essential This essential foreigners living Taiwan",sure
"591æˆ¿å±‹äº¤æ˜“-ç§Ÿå±‹ã€ä¸­å¤å±‹ã€æ–°å»ºæ¡ˆã€å¯¦åƒ¹ç™»éŒ„ã€åˆ¥å¢…é€å¤©ã€å…¬å¯“å¥—æˆ¿ã€æ·é‹ã€è²·æˆ¿è³£æˆ¿è¡Œæƒ…ã€æˆ¿åƒ¹æˆ¿è²¸æŸ¥è©?""Essential This essential foreigners living Taiwan",English
"591æˆ¿å±‹äº¤æ˜“-ç§Ÿå±‹ã€ä¸­å¤å±‹ã€æ–°å»ºæ¡ˆã€å¯¦åƒ¹ç™»éŒ„ã€åˆ¥å¢…é€å¤©ã€å…¬å¯“å¥—æˆ¿ã€æ·é‹ã€è²·æˆ¿è³£æˆ¿è¡Œæƒ…ã€æˆ¿åƒ¹æˆ¿è²¸æŸ¥è©?""Essential This essential foreigners living Taiwan",simple
"591æˆ¿å±‹äº¤æ˜“-ç§Ÿå±‹ã€ä¸­å¤å±‹ã€æ–°å»ºæ¡ˆã€å¯¦åƒ¹ç™»éŒ„ã€åˆ¥å¢…é€å¤©ã€å…¬å¯“å¥—æˆ¿ã€æ·é‹ã€è²·æˆ¿è³£æˆ¿è¡Œæƒ…ã€æˆ¿åƒ¹æˆ¿è²¸æŸ¥è©?""Essential This essential foreigners living Taiwan",translate
"591æˆ¿å±‹äº¤æ˜“-ç§Ÿå±‹ã€ä¸­å¤å±‹ã€æ–°å»ºæ¡ˆã€å¯¦åƒ¹ç™»éŒ„ã€åˆ¥å¢…é€å¤©ã€å…¬å¯“å¥—æˆ¿ã€æ·é‹ã€è²·æˆ¿è³£æˆ¿è¡Œæƒ…ã€æˆ¿åƒ¹æˆ¿è²¸æŸ¥è©?""APP can't post """"top let""""!""",Positive
"591æˆ¿å±‹äº¤æ˜“-ç§Ÿå±‹ã€ä¸­å¤å±‹ã€æ–°å»ºæ¡ˆã€å¯¦åƒ¹ç™»éŒ„ã€åˆ¥å¢…é€å¤©ã€å…¬å¯“å¥—æˆ¿ã€æ·é‹ã€è²·æˆ¿è³£æˆ¿è¡Œæƒ…ã€æˆ¿åƒ¹æˆ¿è²¸æŸ¥è©?""What guys Tencent? There's folder called /tencent/Tpush/ installed root directory internal storage updated latest version. The log directory show receiving pushed contents com.tencent.andriod.tpush.action.SDK. Your shows Taiwan company",Chinese
"591æˆ¿å±‹äº¤æ˜“-ç§Ÿå±‹ã€ä¸­å¤å±‹ã€æ–°å»ºæ¡ˆã€å¯¦åƒ¹ç™»éŒ„ã€åˆ¥å¢…é€å¤©ã€å…¬å¯“å¥—æˆ¿ã€æ·é‹ã€è²·æˆ¿è³£æˆ¿è¡Œæƒ…ã€æˆ¿åƒ¹æˆ¿è²¸æŸ¥è©?""What guys Tencent? There's folder called /tencent/Tpush/ installed root directory internal storage updated latest version. The log directory show receiving pushed contents com.tencent.andriod.tpush.action.SDK. Your shows Taiwan company",company
591æˆ¿å±‹äº¤æ˜“-ç§Ÿå±‹ã€ä¸­å¤å±‹ã€æ–°å»ºæ¡ˆã€å¯¦åƒ¹ç™»éŒ„ã€åˆ¥å¢…é€å¤©ã€å…¬å¯“å¥—æˆ¿ã€æ·é‹ã€è²·æˆ¿è³£æˆ¿è¡Œæƒ…ã€æˆ¿åƒ¹æˆ¿è²¸æŸ¥è©?Language Is English option?,Neutral
"591æˆ¿å±‹äº¤æ˜“-ç§Ÿå±‹ã€ä¸­å¤å±‹ã€æ–°å»ºæ¡ˆã€å¯¦åƒ¹ç™»éŒ„ã€åˆ¥å¢…é€å¤©ã€å…¬å¯“å¥—æˆ¿ã€æ·é‹ã€è²·æˆ¿è³£æˆ¿è¡Œæƒ…ã€æˆ¿åƒ¹æˆ¿è²¸æŸ¥è©?""Please fix the update",house
"591æˆ¿å±‹äº¤æ˜“-ç§Ÿå±‹ã€ä¸­å¤å±‹ã€æ–°å»ºæ¡ˆã€å¯¦åƒ¹ç™»éŒ„ã€åˆ¥å¢…é€å¤©ã€å…¬å¯“å¥—æˆ¿ã€æ·é‹ã€è²·æˆ¿è³£æˆ¿è¡Œæƒ…ã€æˆ¿åƒ¹æˆ¿è²¸æŸ¥è©?""Please fix the update",information
591æˆ¿å±‹äº¤æ˜“-ç§Ÿå±‹ã€ä¸­å¤å±‹ã€æ–°å»ºæ¡ˆã€å¯¦åƒ¹ç™»éŒ„ã€åˆ¥å¢…é€å¤©ã€å…¬å¯“å¥—æˆ¿ã€æ·é‹ã€è²·æˆ¿è³£æˆ¿è¡Œæƒ…ã€æˆ¿åƒ¹æˆ¿è²¸æŸ¥è©?REQUEST!! English version please!,Neutral
591æˆ¿å±‹äº¤æ˜“-é¦™æ¸¯,store
591æˆ¿å±‹äº¤æ˜“-é¦™æ¸¯,fil
7 Cups: Anxiety & Stress Chat,talk
7 Cups: Anxiety & Stress Chat,help
850 Sports News Digest,Amazing
850 Sports News Digest,simplicity
850 Sports News Digest,app
850 Sports News Digest,favo
8fit Workouts & Meal Planner,plenty
8fit Workouts & Meal Planner,doable
8fit Workouts & Meal Planner,recip
95Live -SG#1 Live Streaming App,Chinese
95Live -SG#1 Live Streaming App,wish
95Live -SG#1 Live Streaming App,version
95Live -SG#1 Live Streaming App,app
A Call From Santa Claus!,guest
A Call From Santa Claus!,login
A&E - Watch Full Episodes of TV Shows,good
A&E - Watch Full Episodes of TV Shows,app
A&E - Watch Full Episodes of TV Shows,ddisappoint
ABC Kids - Tracing & Phonics,sound
ABC Kids - Tracing & Phonics,play
ABC Kids - Tracing & Phonics,lou
ABC News - US & World News,lot
ABC News - US & World News,E
ABCmouse.com,concern
ABCmouse.com,trading
ABCmouse.com,game
"AC - Tips & News for Androidâ„?""Absolutely horrible",able
"AC - Tips & News for Androidâ„?""Absolutely horrible",open
AC - Tips & News for Androidâ„?What world going app? It longer opens phones (except Note 8) Mobile Nations respond emails.,Positive
AC - Tips & News for Androidâ„?Can't open app. Crashes every single time I attempt open Galaxy S7 w/ 8.0 update.,Negative
AC - Tips & News for Androidâ„?The worst! I can't even log in! It take username I tried!! And I tried create account using 2 diff emails!,Negative
"AC - Tips & News for Androidâ„?""Too many ads lot good write ups. Sometimes",incomplete
"AC - Tips & News for Androidâ„?""Too many ads lot good write ups. Sometimes",article
"AC - Tips & News for Androidâ„?""Ads everywhere",impossible
"AC - Tips & News for Androidâ„?""Ads everywhere",scroll
"AC - Tips & News for Androidâ„?""Ads everywhere",news
AC - Tips & News for Androidâ„?Used love app. Now unreadable amount ads have. Good job ruining good thing.,Positive
AC - Tips & News for Androidâ„?crashes immediately. Hasn't fixed month.,Positive
AC - Tips & News for Androidâ„?The ads much flashing jumping around cannot even read articles. Deleted,Positive
AC - Tips & News for Androidâ„?Ads jump around making difficult read articles,Negative
"AC - Tips & News for Androidâ„?""Android Central awesome. Great source information device upcoming updates",tech
"AC - Tips & News for Androidâ„?""Android Central awesome. Great source information device upcoming updates",news
"AC - Tips & News for Androidâ„?""Android Central awesome. Great source information device upcoming updates",update
"AC - Tips & News for Androidâ„?""Android Central awesome. Great source information device upcoming updates",..
AC - Tips & News for Androidâ„?Will open. Has like bit.,Neutral
AC - Tips & News for Androidâ„?I like info Android topics,Neutral
AC - Tips & News for Androidâ„?Needs updated better sync news. The refresh takes forever load...,Positive
AC - Tips & News for Androidâ„?Is android phone,Neutral
AC - Tips & News for Androidâ„?One favorite news,Positive
AC - Tips & News for Androidâ„?Great news site mediocre app. Ads/Sponsors hard distinguish appear like normal articles. Search mostly useless can't sort results. At least default search results news recent please.,Negative
AC - Tips & News for Androidâ„?I wanted find get floating initial phone comes I text person.,Neutral
AC - Tips & News for Androidâ„?Trouble setting FREE account! Stupid! Totally frustrated. Uninstalling now.,Negative
AC - Tips & News for Androidâ„?Why can't I enter unanswered question app? Plus fix bug.,Negative
"AC - Tips & News for Androidâ„?""Asked question",answer
"AC - Tips & News for Androidâ„?""Asked question",yet.â˜¹ï¸
AC - Tips & News for Androidâ„?I enjoy articles forums.... I PS4 VR!!! Can't beat :),Positive
AC - Tips & News for Androidâ„?The refresh button work widget. Nothing happens I tap it. ZTE Blade Z Max. UPDATE: It started work I reported this. So apparently unresponsive while.,Positive
"AC - Tips & News for Androidâ„?""Used hub good articles",full
"AC - Tips & News for Androidâ„?""Used hub good articles",partner
"AC - Tips & News for Androidâ„?""Used hub good articles",mattress
"AC - Tips & News for Androidâ„?""A big THANK YOU devs making already great even better. Love night mode abundance font size options",small
"AC - Tips & News for Androidâ„?""A big THANK YOU devs making already great even better. Love night mode abundance font size options",screen
"AC - Tips & News for Androidâ„?""Previously used work better . But crashing ",news
"AC - Tips & News for Androidâ„?""Previously used work better . But crashing ",closing
AC - Tips & News for Androidâ„?Completely froze phone. No response screen buttons. Had force restart. Uninstalled.,Positive
AC - Tips & News for Androidâ„?Concise answers questions usual.,Negative
AC - Tips & News for Androidâ„?New TOS data collection.. I'm out!!! (Uninstalled),Positive
AC - Tips & News for Androidâ„?Okay I'm gonna go see three times freezer,Positive
"AC - Tips & News for Androidâ„?""Good good articles",much
"AC - Tips & News for Androidâ„?""Good good articles",simple
"AC - Tips & News for Androidâ„?""Good good articles",thin
"AC - Tips & News for Androidâ„?""This used good",garbage
"AC - Tips & News for Androidâ„?""This used good",yesterday
"AC - Tips & News for Androidâ„?""Log process grueling... User name password work app",mobile
"AC - Tips & News for Androidâ„?""Log process grueling... User name password work app",site
"AC - Tips & News for Androidâ„?""Full adds what's worst pay get ad free year yet starts showing ads year ended. Even paying still get tons ads disguised news articles really news",shady
"AC - Tips & News for Androidâ„?""This become Ad Central rather Android Central. I originally liked I could pay support site I love eliminate ads",includ
"AD - Nieuws, Sport, Regio & Entertainment",nothing
"AD - Nieuws, Sport, Regio & Entertainment",new
"AD - Nieuws, Sport, Regio & Entertainment",swipe
"AOL - News, Mail & Video",Best
"AOL - News, Mail & Video",way
"AOL - News, Mail & Video",day
"AOL - News, Mail & Video",ba
AP Mobile - Breaking News,Overall
AP Mobile - Breaking News,great
AP Mobile - Breaking News,last
AP Mobile - Breaking News,couple
APE Weather ( Live Forecast),automatic
APE Weather ( Live Forecast),weather
APE Weather ( Live Forecast),update
APE Weather ( Live Forecast),start
APE Weather ( Live Forecast),intui
"APUS Launcher - Theme, Wallpaper, Hide Apps",launcher
ARY NEWS,previous
ARY NEWS,version
ARY NEWS,live
ARY NEWS,news
ARY NEWS,s
ASUS Cover for ZenFone 2,option
ASUS Cover for ZenFone 2,customise
ASUS Cover for ZenFone 2,app
AT&T Visual Voicemail,app
AT&T Visual Voicemail,Visual
AT&T Visual Voicemail,voicemail
AT&T Visual Voicemail,phon
"AVG Cleaner â€?Speed, Battery & Memory Booster",time
"AVG Cleaner â€?Speed, Battery & Memory Booster",track
"AVG Cleaner â€?Speed, Battery & Memory Booster",everything
"AVG Cleaner â€?Speed, Battery & Memory Booster",program
"AVG Cleaner â€?Speed, Battery & Memory Booster",man
Abs Training-Burn belly fat,day
Abs Training-Burn belly fat,great
Abs Training-Burn belly fat,second
Abs Training-Burn belly fat,day
Abs Training-Burn belly fat,today
Abs Training-Burn belly fat,lit
Accounting App - Zoho Books,report
Accounting App - Zoho Books,web
AccuWeather: Daily Forecast & Live Weather Reports,open
AccuWeather: Daily Forecast & Live Weather Reports,love
Acorn TV: World-class TV from Britain and Beyond,content
Acorn TV: World-class TV from Britain and Beyond,terrible
Acorn TV: World-class TV from Britain and Beyond,acorntv
Acorn TV: World-class TV from Britain and Beyond,mu
Ada - Your Health Guide,helpful
Adobe Acrobat Reader,fact
Adobe Photoshop Express:Photo Editor Collage Maker,lot
Adobe Photoshop Express:Photo Editor Collage Maker,col
Agar.io,game
Agar.io,great
Age Calculator,awesome
Agoda â€?Hotel Booking Deals,alert
Agoda â€?Hotel Booking Deals,give
Agoda â€?Hotel Booking Deals,po
Air Traffic,aircraft
Air Traffic,house
Air Traffic,much
Airport + Flight Tracker Radar,*
Airport + Flight Tracker Radar,*
Airport + Flight Tracker Radar,airport
Airport + Flight Tracker Radar,mother
Airport + Flight Tracker Radar,l
Airway Ex - Intubate. Anesthetize. Train.,tool
Airway Ex - Intubate. Anesthetize. Train.,anatomy
Airway Ex - Intubate. Anesthetize. Train.,pr
Akinator,good
AlReader -any text book reader,best
AlReader -any text book reader,ebook
AlReader -any text book reader,app
AlReader -any text book reader,s
Alarm Clock,day
Alarm Clock,late
Alarm Clock,appointment
Alarm Clock Free,many
Alfred Home Security Camera,tin
Alfred Home Security Camera,spare
Alfred Home Security Camera,seldo
"AliExpress - Smarter Shopping, Better Living",try
"AliExpress - Smarter Shopping, Better Living",purchase
"AliExpress - Smarter Shopping, Better Living",item
"AliExpress - Smarter Shopping, Better Living",payment
All Events in City,useful
All Events in City,responsive
All Events in City,seriou
All Football - Latest News & Videos,ev
"All Football GO- Live Score, Games",Good
"All Football GO- Live Score, Games",app
"All Football GO- Live Score, Games",wonderful
"All Football GO- Live Score, Games",news
"All Football GO- Live Score, Games",tr
All Language Translator Free,write
All Language Translator Free,translate
All Language Translator Free,word
All Language Translator Free,phrase
All Language Translator Free,language
All Maths Formulas,second
All Maths Formulas,math
All Maths Formulas,subject
All Maths Formulas,nice
All Mental disorders,genius
All Social Networks,waste
All Social Networks,time
All Social Networks,app
All Video Downloader 2018,grand
All Video Downloader 2018,neo
All Video Downloader 2018,....
All Video Downloader 2018,i
"All-In-One Toolbox: Cleaner, Booster, App Manager",pop-up
"All-In-One Toolbox: Cleaner, Booster, App Manager",....
All-in-One Mahjong 3 FREE,lack
All-in-One Mahjong 3 FREE,room
All-in-One Mahjong 3 FREE,phone
Allrecipes Dinner Spinner,awesomeness
Allrecipes Dinner Spinner,y
Alto's Adventure,guys
Alto's Adventure,game
Alto's Adventure,im
Alto's Adventure,thi
Amazon Drive,Useable
Amazon Drive,sim
Amazon Kindle,experience
Amazon Kindle,intuitive
Amex Mobile,reason
Amex Mobile,recen
Amino: Communities and Chats,fun
Amino: Communities and Chats,mess
Amino: Communities and Chats,many
Amtrak,reservation
Amtrak,number
Anatomy Learning - 3D Atlas,Â¡Me
Anatomy Learning - 3D Atlas,encanta
Anatomy Learning - 3D Atlas,grateful
Ancestry,Overall
Ancestry,nothing
Ancestry,major
Ancestry,unbear
AndroZipâ„?FREE File Manager,search
AndroZipâ„?FREE File Manager,card
"Android Auto - Maps, Media, Messaging & Voice",drive
"Android Auto - Maps, Media, Messaging & Voice",car
"Android Auto - Maps, Media, Messaging & Voice",phone
"Android Auto - Maps, Media, Messaging & Voice",dash
"Android Auto - Maps, Media, Messaging & Voice",run
Android Messages,text
Android Messages,entry
Android Messages,field
Android Messages,al
Angry Birds 2,much
Angry Birds 2,fun
Angry Birds 2,addictive
Angry Birds 2,brain
Angry Birds 2,teaser
Angry Birds Classic,many
Angry Birds Classic,Angry
Angry Birds Rio,game
Angry Birds Rio,level
Angry Birds Rio,pop
Angry Birds Rio,ups
Angry Birds Rio,get
Angry Birds Rio,pow
Animated Photo Editor,awesome
Animated Photo Editor,app
Animated Photo Editor,Wish
Anthem Anywhere,use
Anthem Anywhere,slow
Anthem Anywhere,constant
Anthem Anywhere,update
Anthem Anywhere,co
Anthem BC Anywhere,glitchy
Anthem BC Anywhere,piece
Anthem BC Anywhere,so-and-so
"Any.do: To-do list, Calendar, Reminders & Planner",press
"Any.do: To-do list, Calendar, Reminders & Planner",re-order
"Any.do: To-do list, Calendar, Reminders & Planner",wel
"Apartment, Home Rental Search: Realtor.com Rentals",mumbai
"Apartment, Home Rental Search: Realtor.com Rentals",African
"Apartment, Home Rental Search: Realtor.com Rentals",country
Apex Launcher,helpful
Apex Launcher,developer
Apex Launcher,new
Apk Installer,great
AppLock - Fingerprint,lock
AppLock - Fingerprint,delay
AppLock - Fingerprint,OK
AppLock - Fingerprint,password
"Apple Daily è˜‹æœå‹•æ–°è?""Advertising washes and washes L",stock
"Apple Daily è˜‹æœå‹•æ–°è?""Advertising washes and washes L",price
"Apple Daily è˜‹æœå‹•æ–°è?""Advertising washes and washes L",top
"Apple Daily è˜‹æœå‹•æ–°è?""Data consumption huge",plz
"Apple Daily è˜‹æœå‹•æ–°è?""Data consumption huge",asap
Apple Daily è˜‹æœå‹•æ–°è?Come on Real Madrid!,Positive
"Apple Daily è˜‹æœå‹•æ–°è?""Ads pop-up times sensitive u accidentally easily. Even worse clicking ads",restore
"Apple Daily è˜‹æœå‹•æ–°è?""Ads pop-up times sensitive u accidentally easily. Even worse clicking ads",ro
"Apple Daily è˜‹æœå‹•æ–°è?""Ads pop-up times sensitive u accidentally easily. Even worse clicking ads",news
"Apple Daily è˜‹æœå‹•æ–°è?""Ads pop-up times sensitive u accidentally easily. Even worse clicking ads",reading
Apple Daily è˜‹æœå‹•æ–°è?black screen still 1026 hrs 18 May 2018,Negative
Apple Daily è˜‹æœå‹•æ–°è?Everything alright used period of time. But data consumption becomes huge recent update.,Positive
Apple Daily è˜‹æœå‹•æ–°è?chromecast / google cast function please!,Neutral
Apple Daily è˜‹æœå‹•æ–°è?The ads annoying.,Negative
"Apple Daily è˜‹æœå‹•æ–°è?""More and more people are irritating",power
Apple Daily è˜‹æœå‹•æ–°è?Not working. Show blank screen.,Neutral
Apple Daily è˜‹æœå‹•æ–°è?Can there be a setting to make it not display images?,Neutral
Apple Daily è˜‹æœå‹•æ–°è?Continuous improvement and perfection. it is good! Please improve to support Chrome OS. Thank you!,Positive
Apple Daily è˜‹æœå‹•æ–°è?Not working.... juz black screen,Negative
Apple Daily è˜‹æœå‹•æ–°è?Completely solve the problem of bombing app. Do you want me to report to you?,Positive
Apple Daily è˜‹æœå‹•æ–°è?Anti-support must support!,Neutral
Apple Daily è˜‹æœå‹•æ–°è?The crashes constantly upgrading latest version. Very buggy overloaded ads affect viewing experience. A big thumbs down!,Positive
"Apple Daily è˜‹æœå‹•æ–°è?""Keep crashing",close
Apple Daily è˜‹æœå‹•æ–°è?New version shut suddenly,Positive
"Apple Daily è˜‹æœå‹•æ–°è?""Keep receiving Apple news notification",good
"Apple Daily è˜‹æœå‹•æ–°è?""Keep receiving Apple news notification",nuisance
"Apple Daily è˜‹æœå‹•æ–°è?""Since the update is finished",Japanese
"Apple Daily è˜‹æœå‹•æ–°è?""Since the update is finished",app
Apple Daily è˜‹æœå‹•æ–°è?I used the old machine update to app. Update is open to open. ((æ— è¨€)),Positive
Apple Daily è˜‹æœå‹•æ–°è?The work.,Neutral
Apple Daily è˜‹æœå‹•æ–°è?Suddenly close update.,Neutral
Apple Daily è˜‹æœå‹•æ–°è?Force stop often.,Neutral
Apple Daily è˜‹æœå‹•æ–°è?Always forced,Negative
Apple Daily è˜‹æœå‹•æ–°è?Keep playing app and messing up.,Neutral
Apple Daily è˜‹æœå‹•æ–°è?Crush &bug,Neutral
"Apple Daily è˜‹æœå‹•æ–°è?""So annoying! Every time go back is the first news back to the previous board. If you want to drop the dd news",several
"Apple Daily è˜‹æœå‹•æ–°è?""So annoying! Every time go back is the first news back to the previous board. If you want to drop the dd news",time
"Apple Daily è˜‹æœå‹•æ–°è?""For many years",category
Apple Daily è˜‹æœå‹•æ–°è?Hangs every time update,Neutral
Aprender inglÃ©s con Wlingua,good
Aprender inglÃ©s con Wlingua,application
Archos File Manager,update
Arrow.io,samsung
Arrow.io,duos
Arrow.io,bit
Asana: organize team projects,feature
Asana: organize team projects,parity
Asana: organize team projects,mobile
Asana: organize team projects,ex
Ascape VR: 360Â° Virtual Travel,Overall
Ascape VR: 360Â° Virtual Travel,impressive
Ascape VR: 360Â° Virtual Travel,start
Ascape VR: 360Â° Virtual Travel,map
Ascape VR: 360Â° Virtual Travel,view
Ascape VR: 360Â° Virtual Travel,pick
Ascape VR: 360Â° Virtual Travel,e
Asphalt 8: Airborne,good
Asphalt 8: Airborne,gameplay
Asphalt 8: Airborne,good
Asphalt 8: Airborne,matter
Asphalt 8: Airborne,st
Associated Credit Union Mobile,Overall
Associated Credit Union Mobile,bad
Associated Credit Union Mobile,downfall
Associated Credit Union Mobile,bill
Associated Credit Union Mobile,pay
Associated Credit Union Mobile,pendi
Asteroids 3D live wallpaper,ti
AutoCAD - DWG Viewer & Editor,design
AutoCAD - DWG Viewer & Editor,electrical
AutoScout24 Switzerland â€?Find your new car,self
AutoScout24 Switzerland â€?Find your new car,Autoscout24
Aviary Effects: Classic,filter
Aviary Stickers: Free Pack,good
Aviary Stickers: Free Pack,freeware
Aviary Stickers: Free Pack,aware
Aviary Stickers: Free Pack,limited
Aviary Stickers: Free Pack,st
Azar,worst
Azar,single
Azar,thing
Azar,pay
Azar,conv
Azpen eReader,couple
BBC Sport,point
BBM - Free Calls & Messages,time
BBM - Free Calls & Messages,unlik
BBM - Free Calls & Messages,apps
BBM - Free Calls & Messages,U
BBVA Compass Banking,Best
BBVA Compass Banking,banking
BBW Dating & Curvy Singles Chat- LargeFriends,OK
BBW Dating & Plus Size Chat,trash
BBWCupid - BBW Dating App,Terrible
BBWCupid - BBW Dating App,app
BBWCupid - BBW Dating App,Unless
BBWCupid - BBW Dating App,pay
BET NOW - Watch Shows,availab
BEYBLADE BURST app,Awesome
BEYBLADE BURST app,game
BEYBLADE BURST app,great
BEYBLADE BURST app,idea
BEYBLADE BURST app,u
BIG Launcher,simple
BIG Launcher,year
BIG Launcher,old
BIG Launcher,use
BIG Launcher,bugs
BIG Launcher,O
BLK - Swipe. Match. Chat.,trash
BLK - Swipe. Match. Chat.,good
BLK - Swipe. Match. Chat.,stop
BZWBK24 mobile,application
BZWBK24 mobile,correct
BZWBK24 mobile,design
BZWBK24 mobile,lea
BaBe Lite - Baca Berita Hemat Kuota,information
Babbel â€?Learn Languages,French
Babbel â€?Learn Languages,German
Babbel â€?Learn Languages,second
Babbel â€?Learn Spanish,good
Babbel â€?Learn Spanish,little
Baby ABC in box! Kids alphabet games for toddlers!,developer
Baby ABC in box! Kids alphabet games for toddlers!,way
Baby ABC in box! Kids alphabet games for toddlers!,expensive
Baby ABC in box! Kids alphabet games for toddlers!,easy
Baby ABC in box! Kids alphabet games for toddlers!,self
Baby ABC in box! Kids alphabet games for toddlers!,promot
Baby Monitor,old
Baby Monitor,phone
Baby Monitor,sim
Baby Monitor,card
Baby Monitor,phone
Baby Monitor,app
Baby Name Together,app
Baby Name Together,lots
Baby Name Together,easy
Baby Name Together,use
Baby Panda Musical Genius,many
Baby Panda Musical Genius,toddler
Baby Pandaâ€™s Juice Shop,interesting
Baby Pandaâ€™s Juice Shop,game
Baby puzzles,year
Baby puzzles,old
Backgrounds (HD Wallpapers),couple
Backgrounds (HD Wallpapers),hit
Backgrounds (HD Wallpapers),end
Backgrounds HD (Wallpapers),situ
BaconReader for Reddit,great
BaconReader for Reddit,incapable
BaconReader for Reddit,unwi
Badoo - Free Chat & Dating App,biggest
Badoo - Free Chat & Dating App,BS
Badoo - Free Chat & Dating App,sw
Bagan - Myanmar Keyboard,updated
Bagan - Myanmar Keyboard,hands-room
Bagan - Myanmar Keyboard,ke
Banco ItaÃº,new
Banco ItaÃº,hand
Banco do Brasil,bank
Banco do Brasil,joke
Banco do Brasil,appl
Bancomer mÃ³vil,mistake
Bancomer mÃ³vil,t
Banfield Pet Health Tracker,important
Banfield Pet Health Tracker,info
Banfield Pet Health Tracker,pet
Banfield Pet Health Tracker,h
Bangla Newspaper â€?Prothom Alo,app
Bangla Newspaper â€?Prothom Alo,slow
Bangla Newspaper â€?Prothom Alo,much
Bangla Newspaper â€?Prothom Alo,time
Bangla Newspaper â€?Prothom Alo,vie
Banjo,location
Banjo,mining
Banjo,loc
Bank of America Mobile Banking,new
Bank of America Mobile Banking,version
BankMobile Vibe App,super
BankMobile Vibe App,helpful
BankMobile Vibe App,new
Banorte Movil,excellent
Banorte Movil,ideal
Banorte Movil,online
Banque Populaire,while
Banque Populaire,access
Banque Populaire,accou
Barbie Lifeâ„?For haters know realeased 2014 2018 early days yeesh people,Positive
Barbie Lifeâ„?I love game l cannot waste WiFi already episode Barbie live dream house,Positive
Barbie Lifeâ„?A great,Positive
Barbie Lifeâ„?It good game,Positive
Barbie Lifeâ„?Like,Neutral
Barbie Lifeâ„?Hunting games friend contacts everything go watch given also play play games also play lots games puzzle drama fun really good game movie thing watch 5 weeks sell cool say stink say boo game I really like game super fun Xbox games guys say feel game I'm super fun like CookieSwirlC awesome videos say Bill said Bill stink say anything yes I can't I noon I noon I know I like I'm fan super cool stuff I really like videos also game super super super super fun really give 5 stars say awesome stuff,Positive
Barbie Lifeâ„?This game fun please make barbie games.,Negative
Barbie Lifeâ„?It wont work internet always said internet connection reopen open wont work,Neutral
Barbie Lifeâ„?I really liked rock royal game much fun make barbie games problem went black,Positive
Barbie Lifeâ„?I love barbie since childhood I installed says Internet connection needed even I 4G Internet connection please try fix happily play,Positive
Barbie Lifeâ„?I Wi-Fi able please,Positive
Barbie Lifeâ„?I love game cause funnest game ever,Negative
Barbie Lifeâ„?Why Barbie life stop soon tried save picture????,Neutral
Barbie Lifeâ„?It takes lot time open . problem,Neutral
Barbie Lifeâ„?I love loading slow,Positive
Barbie Lifeâ„?It wont let intranet,Neutral
Barbie Lifeâ„?Do another gooooood,Neutral
Barbie Lifeâ„?I love much cakes,Positive
Barbie Lifeâ„?It interesting good game.,Positive
Barbie Magical Fashion,extras
Barbie Magical Fashion,devic
Barbieâ„?Fashion Closet,game
Barbieâ„?Fashion Closet,yesterday
Barbieâ„?Fashion Closet,crazy
Barbieâ„?Fashion Closet,desi
Barclays US for Android,nothing
Barcode Scanner,Nothing
Barcode Scanner,close
Barcode Scanner,different
Barcode Scanner,phon
Baritastic - Bariatric Tracker,app
Baseball Boy!,many
Baseball Boy!,lucky
Baseball Boy!,hit
Baseball Boy!,ball
Baseball Boy!,ad
Basketball FRVR - Shoot the Hoop and Slam Dunk!,game
Basketball FRVR - Shoot the Hoop and Slam Dunk!,fun
Basketball FRVR - Shoot the Hoop and Slam Dunk!,game
Basketball FRVR - Shoot the Hoop and Slam Dunk!,lag
Basketball FRVR - Shoot the Hoop and Slam Dunk!,ball
Basketball Stars,game
Basketball Stars,problem
Basketball Stars,worki
Bathroom Decorating Ideas,Useless
Bathroom Decorating Ideas,much
Bathroom Decorating Ideas,boring
Bathroom Decorating Ideas,decorating
Battlelands Royale,star
Battlelands Royale,review
Battlelands Royale,exp
Battlelands Royale,system
Battlelands Royale,add
Be A Legend: Soccer,mother
Be A Legend: Soccer,game
Be A Legend: Soccer,best
BeSoccer - Soccer Live Score,player
BeSoccer - Soccer Live Score,messi
BeWild Free Dating & Chat App,app
BeWild Free Dating & Chat App,registration
BeWild Free Dating & Chat App,proce
Beautiful Design Birthday Cake,want
Beautiful Design Birthday Cake,beautiful
Beautiful Design Birthday Cake,cake
Beautiful Widgets Free,fine
Beautiful Widgets Free,multiple
Beautiful Widgets Free,phon
Beautiful Widgets Pro,lovely
Beautiful Widgets Pro,widget
Beautiful Widgets Pro,app
Beauty Camera - Selfie Camera,bug
Beauty Makeup Snappy Collage Photo Editor - Lidow,good
Beauty Makeup Snappy Collage Photo Editor - Lidow,sometim
"BestCam Selfie-selfie, beauty camera, photo editor",aÌ¸pÌ¸pÌ¸
"BestCam Selfie-selfie, beauty camera, photo editor",please
"BestCam Selfie-selfie, beauty camera, photo editor",pleas
BetterMe: Weight Loss Workouts,refund
BetterMe: Weight Loss Workouts,month
BetterMe: Weight Loss Workouts,e
BeyondMenu Food Delivery,order
BeyondMenu Food Delivery,hono
BeyondPod Podcast Manager,version
BeyondPod Podcast Manager,searc
Bible,love
Bible,month
Bible,keeps.crashing
Bible,verse
Big Days - Events Countdown,great
Big Days - Events Countdown,useful
"BigOven Recipes, Meal Planner, Grocery List & More",multiple
"BigOven Recipes, Meal Planner, Grocery List & More",week
"BigOven Recipes, Meal Planner, Grocery List & More",able
"BigOven Recipes, Meal Planner, Grocery List & More",search
"BiggerCity: Chat for gay bears, chubs & chasers",Overall
"BiggerCity: Chat for gay bears, chubs & chasers",positive
"BiggerCity: Chat for gay bears, chubs & chasers",experience
"BiggerCity: Chat for gay bears, chubs & chasers",gentleman
"BiggerCity: Chat for gay bears, chubs & chasers",co
Bike Computer - GPS Cycling Tracker,old
Bike Computer - GPS Cycling Tracker,phone
Bike Computer - GPS Cycling Tracker,perfect
Bike Computer - GPS Cycling Tracker,Yesterday
Bike Computer - GPS Cycling Tracker,update
Binaural Beats Meditation,interface
Binaural Beats Therapy,i
Binaural Beats Therapy,long
Binaural Beats Therapy,time
BioLife Plasma Services,Frequent
BioLife Plasma Services,schedule
Birdays â€?Birthday reminder,entered
Birdays â€?Birthday reminder,self
Birdays â€?Birthday reminder,old
Birds Sounds Ringtones & Wallpapers,wallpaper
Birds Sounds Ringtones & Wallpapers,love
Birds Sounds Ringtones & Wallpapers,b
Black People Meet Singles Date,chance
Black People Meet Singles Date,prove
Black People Meet Singles Date,wrong
Block Puzzle Classic Legend !,Abrupt
Block Puzzle Classic Legend !,end
Block Puzzle Classic Legend !,unpleasant
Block Puzzle Classic Legend !,sorry
Block Puzzle Classic Legend !,type
Blogaway for Android (Blogger),post
Blogaway for Android (Blogger),failing
Blogaway for Android (Blogger),something
Blogaway for Android (Blogger),draft
Blogaway for Android (Blogger),....
Blogger,Good
Bloglovin',ad
Bloglovin',stream
Bloglovin',couple
Bloglovin',d
Blood Donor,app
Blood Donor,everything
Blood Donor,easy
Blood Donor,app
Blood Pressure,great
Blood Pressure,success
Blood Pressure Log - MyDiary,ability
Blood Pressure Log - MyDiary,email
Blood Pressure(BP) Diary,access
Blood Pressure(BP) Diary,intrusive
Bloomberg Professional,buggy
Bloomberg Professional,lot
Bloomberg Professional,intuitive
Bloomberg Professional,iOS
Bloomberg: Market & Financial News,cost
Bloomberg: Market & Financial News,high
Bloomberg: Market & Financial News,big
Bloomberg: Market & Financial News,fan
Blossom Blast Saga,game
Blossom Blast Saga,music
Blossom Blast Saga,sound
BluTV,practice
BluTV,application
Blur Image Background Editor (Blur Photo Editor),ok
Blur Image Background Editor (Blur Photo Editor),add
Blur Image Background Editor (Blur Photo Editor),d
Booking.com Travel Deals,app
Booking.com Travel Deals,Araras
Booking.com Travel Deals,hotel
Booking.com Travel Deals,due
Booking.com Travel Deals,pic
Bowmasters,like
Bowmasters,game
Bowmasters,gameplay
Boxed Wholesale,easy
Brain Waves - Binaural Beats,godsend
Brain Waves - Binaural Beats,much
Brain Waves - Binaural Beats,app
Brain Waves - Binaural Beats,severe
Brain Waves - Binaural Beats,anxiety
Branch,fix
Branch,payment
BrasileirÃ£o Pro 2018 - SÃ©rie A e B,good
"Breaking News, Local news, Attacks and Alerts Free",news
British Airways,fine
British Airways,logs
British Airways,meaning
Browser 4G,slow
Browser 4G,great
Bualuang mBanking,Good
Bualuang mBanking,small
Bubble Shooter,free
Bubble Shooter,work
Bubble Shooter,time
Bubble Shooter,new
Bubble Shooter,video
Bubble Shooter,plz
Bubble Shooter 2,fun
Bubble Shooter 2,i
Bubble Shooter 2,able
Bubble Shooter 2,connect
Bubble Shooter 2,fb
Bubble Shooter 2,account
Bubble Shooter Genies,stuck
Bubble Shooter Genies,Overall
Bubble Shooter Genies,love
Bubble Shooter Space,system
Bubble Shooter Space,good
Bubble Shooter Space,level
Bubble Witch 3 Saga,Other
Bubble Witch 3 Saga,able
Bubble Witch 3 Saga,make
Bubble Witch 3 Saga,see
Bubble Witch 3 Saga,lot
Buienradar - weer,please
Buienradar - weer,English
Buienradar - weer,language
Build a Bridge!,build
Build a Bridge!,bridge
Bukalapak - Jual Beli Online,th
Burner - Free Phone Number,first
Burner - Free Phone Number,time
Business Calendar 2,basic
Business Calendar 2,version
Business Calendar 2,nice
Business Calendar 2,decent
Business Calendar 2,sy
Butterfly Live Wallpaper,*
Buzz Launcher-Smart&Free Theme,good
Buzz Launcher-Smart&Free Theme,personalization
"BuzzFeed: News, Tasty, Quizzes",let
"BÃO Má»šI - Äá»c BÃ¡o, Tin Tá»©c 24h",bad
"BÃO Má»šI - Äá»c BÃ¡o, Tin Tá»©c 24h",quality
C Programming,personal
C Programming,experience
C Programming,gem
C Programming,b
C++ Programming,many
C++ Programming,many
C++ Programming,crash
C++ Programming,tabl
CAIXA,Good
CAIXA,afternoon
CAIXA,grateful
CALCUâ„?Stylish Calculator Free,5-star
CALCUâ„?Stylish Calculator Free,rating
CATS: Crash Arena Turbo Stars,game
CATS: Crash Arena Turbo Stars,year
CATS: Crash Arena Turbo Stars,fun
CATS: Crash Arena Turbo Stars,issue
CBS Sports Fantasy,new
CBS Sports Fantasy,bright
CDL Practice Test 2018 Edition,good
CDL Practice Test 2018 Edition,reviewing
CDL Practice Test 2018 Edition,material
CDL Practice Test 2018 Edition,cdl
CDL Practice Test 2018 Edition,permit
CM Locker - Security Lockscreen,Good
CM Locker - Security Lockscreen,phone
CM Locker - Security Lockscreen,store
CM Locker - Security Lockscreen,someone
CM Locker - Security Lockscreen,unlock
CMB Free Dating App,great
CMB Free Dating App,strat
CNBC: Breaking Business News & Live Market Data,year
CNBC: Breaking Business News & Live Market Data,watch
COOKING MAMA Let's Cook!,lot
COOKING MAMA Let's Cook!,variety
COOKING MAMA Let's Cook!,buy
COOKING MAMA Let's Cook!,recipe
COOKING MAMA Let's Cook!,borin
CVS Caremark,blue
CVS Caremark,harder
CVS Caremark,find
CW Seed,good
CW Seed,episode
CW Seed,next
CW Seed,whole
CW Seed,rese
CWT To Go,good
CWT To Go,offline
CWT To Go,archive
CWT To Go,travel
Cache Cleaner-DU Speed Booster (booster & cleaner),window
Calendar+ Schedule Planner App,Updated
Calendar+ Schedule Planner App,app
Call of Duty:Black Ops Zombies,time
"CallApp: Caller ID, Blocker & Phone Call Recorder",Sh
Calorie Counter & Diet Tracker,track
Calorie Counter & Diet Tracker,prog
Calorie Counter - EasyFit free,Tried
Calorie Counter - EasyFit free,couple
Calorie Counter - EasyFit free,drove
Calorie Counter - EasyFit free,mad
Calorie Counter - EasyFit free,plain
Calorie Counter - EasyFit free,v
Calorie Counter - Macros,great
Calorie Counter - MyFitnessPal,lot
Calorie Counter - MyFitnessPal,rate
Calorie Counter - MyFitnessPal,aspect
Calorie Counter - MyNetDiary,free
Calorie Counter - MyNetDiary,version
Calorie Counter - MyNetDiary,whole
Calorie Counter - MyNetDiary,thi
Candy Bomb,bad
Candy Bomb,thing
Candy Bomb,pop
"Candy Camera - selfie, beauty camera, photo editor",new
"Candy Camera - selfie, beauty camera, photo editor",update
"Candy Camera - selfie, beauty camera, photo editor",try
"Candy Camera - selfie, beauty camera, photo editor",change
Candy Crush Jelly Saga,star
Candy Crush Saga,free
Candy Crush Saga,accumulate
Candy Crush Soda Saga,game
Candy Crush Soda Saga,level
Candy Pop Story,mind
Candy Pop Story,fun
Candy Pop Story,game
Candy Pop Story,gett
Candy Smash,game
Candy Smash,slow
Candy Smash,loading
"Candy selfie - photo editor, live filter camera",Best
"Canva: Poster, banner, card maker & graphic design",thank
"Canva: Poster, banner, card maker & graphic design",mobile
"Canva: Poster, banner, card maker & graphic design",desktop
Canvas Student,app
Canvas Student,bad
Canvas Student,discussion
Canvas Student,navigation
Caviar - Food Delivery,first
Caviar - Food Delivery,time
Caviar - Food Delivery,cancel
Caviar - Food Delivery,order
Chakra Cleansing,timer
Chakra Cleansing,chakra
Chakra Cleansing,user
Chakra Cleansing,wish
Championat,favorite
Chapters: Interactive Stories,great
Chapters: Interactive Stories,way
Chapters: Interactive Stories,earn
Chase Mobile,feature
Chase Mobile,implementation
"Chat Rooms, Avatars, Date - Galaxy",private
ChatVideo Meet new people,app
ChatVideo Meet new people,private
Cheap Flights & Hotels momondo,UPDATE
Cheap Flights & Hotels momondo,please
Cheap Flights & Hotels momondo,ability
Cheap Flights & Hotels momondo,save
Cheap hotel deals and discounts â€?Hotellook,meeting
Cheap hotel deals and discounts â€?Hotellook,team
Cheap hotel deals and discounts â€?Hotellook,great
Cheap hotel deals and discounts â€?Hotellook,day
"CheapTickets â€?Hotels, Flights & Travel Deals",save
"CheapTickets â€?Hotels, Flights & Travel Deals",itenary
"CheapTickets â€?Hotels, Flights & Travel Deals",inconvenient
"CheapTickets â€?Hotels, Flights & Travel Deals",access
Cheapflights â€?Flight Search,good
Cheapflights â€?Flight Search,get
Cheapflights â€?Flight Search,currency
Cheapflights â€?Flight Search,method
CheckPoints ğŸ† Rewards App,app
CheckPoints ğŸ† Rewards App,much
CheckPoints ğŸ† Rewards App,offer
Checkers âœ”ï¸,spot
Checkers âœ”ï¸,red
Checkout 51: Grocery coupons,majority
Checkout 51: Grocery coupons,need
Choices: Stories You Play,Overall
Choices: Stories You Play,game
Choices: Stories You Play,good
Choices: Stories You Play,great
Christian Dating For Free App,easy
Christian Dating For Free App,much
Christian Dating For Free App,apps
Chrome Beta,Chrome
Chrome Beta,thankful
Cinemark Theatres,nice
Cisco Webex Meetings,relogin
Cisco Webex Meetings,painful
Cisco Webex Meetings,computer
Cisco Webex Teams,app
Cisco Webex Teams,Wish
Cisco Webex Teams,i
Citi MobileÂ®,hell
Citi MobileÂ®,login
Citibanamex Movil,fail
Citizens Bank Mobile Banking,useful
Citizens Bank Mobile Banking,stop
Citizens Bank Mobile Banking,pin
Citizens Bank Mobile Banking,password
CityMaps2Go Plan Trips Travel Guide Offline Maps,much
CityMaps2Go Plan Trips Travel Guide Offline Maps,success
CityMaps2Go Plan Trips Travel Guide Offline Maps,placing
Claro,Terrible
Claro,app
Claro,lot
Claro,space
Claro,s
Clash Royale,game
Clash Royale,big
Clash Royale,deck
Clash Royale,rotat
Clash of Clans,amazing
Clash of Clans,game
Clash of Clans,it.The
Clash of Clans,graphic
Color Road,colours
Color Road,different
Color Road,slightest
Color Road,bit
Color Touch Effects,app
Color Touch Effects,b
Color by Number - Draw Sandbox Pixel Art,wouldnt
Color by Number - Draw Sandbox Pixel Art,let
Color by Number - Draw Sandbox Pixel Art,kind
Color by Number - Draw Sandbox Pixel Art,good
Color by Number â€?New Coloring Book,grayed
Color by Number â€?New Coloring Book,part
Color by Number â€?New Coloring Book,darker
ColorFil - Adult Coloring Book,great
ColorFil - Adult Coloring Book,added
ColorFil - Adult Coloring Book,way
ColorNote Notepad Notes,best
ColorNote Notepad Notes,note
ColorNote Notepad Notes,system
ColorNote Notepad Notes,Easy
ColorNote Notepad Notes,sim
ColorSnapÂ® Visualizer,include
Colorfit - Drawing & Coloring,Good
Colorfit - Drawing & Coloring,luck
Colorfit - Drawing & Coloring,free
Colorfit - Drawing & Coloring,Everyday
Colorfit - Drawing & Coloring,supp
Colorful Glitter Neon Butterfly Keyboard Theme,sleep
Colorfy: Coloring Book for Adults - Free,cool
Colorfy: Coloring Book for Adults - Free,idea
Colorfy: Coloring Book for Adults - Free,nice
Colorfy: Coloring Book for Adults - Free,starter
Coloring & Learn,year
Coloring & Learn,old
Coloring & Learn,baby
Coloring & Learn,boy
Coloring & Learn,color
Coloring & Learn,eve
Coloring book moana,kid
Coloring book moana,excessive
Comedy Central,Update-
Comedy Central,version
Comedy Central,problem
Common Core,helpful
Common Core,figure
Common Core,study
Common Core,next
ConnectLine,Basic
ConnectLine,device
ConnectLine,control
ConnectLine,app
ConnectLine,user
ConnectLine,inter
Contacts,previous
Contacts,phone
Contacts,account
Contacts,ph
Contacts+,great
Contacts+,way
Contacts+,family
Contacts+,work
Contacts+,partner
Content Transfer,seamless
Content Transfer,transfer
Content Transfer,device
ConvertPad - Unit Converter,useful
ConvertPad - Unit Converter,app
ConvertPad - Unit Converter,conver
Cookbook Recipes,handy
Cookbook Recipes,alot
Cooking Channel,worst
Cooking Channel,streaming
Cooking Fever,fun
Cooking Fever,easy
Cooking Fever,fir
Cooking Madness - A Chef's Restaurant Games,ok
Cooking Madness - A Chef's Restaurant Games,money
Cooking Madness - A Chef's Restaurant Games,game
Cooking Madness - A Chef's Restaurant Games,m
Cookpad,tasty
Cookpad,favorite
Cookpad,recipe
Cookpad,offline
Cool Reader,best
Cool Reader,ereader
Cool Reader,nice
Cool Reader,cu
Couch to 10K Running Trainer,week
Couch to 5K by RunDouble,like
Couch to 5K by RunDouble,app
Couch to 5K by RunDouble,disappointed
Couchsurfing Travel App,UI/UX
Couchsurfing Travel App,ease
Couchsurfing Travel App,search
Cougar Dating Life : Date Older Women Sugar Mummy,im
Cougar Dating Life : Date Older Women Sugar Mummy,samsung
Cougar Dating Life : Date Older Women Sugar Mummy,note
Cougar Dating Life : Date Older Women Sugar Mummy,install
Cougar Dating Life : Date Older Women Sugar Mummy,app
Cougar Dating Life : Date Older Women Sugar Mummy,i
Couple - Relationship App,ideal
Couple - Relationship App,ultimate
Couple - Relationship App,nook
Couple - Relationship App,everythin
Credit Sesame,give
Credit Sesame,imaginary
Credit Sesame,score
Credit Sesame,syste
Crew - Free Messaging and Scheduling,invaluable
Cricbuzz - Live Cricket Scores & News,Best
Cricbuzz - Live Cricket Scores & News,cricket
Cricbuzz - Live Cricket Scores & News,simple
Cricbuzz - Live Cricket Scores & News,amazing
Cricket Visual Voicemail,Important
Cricket Visual Voicemail,message
Cricket Visual Voicemail,doctor
Cricket Visual Voicemail,voicemail
Crossy Road,game
Crossy Road,great
Crossy Road,cool
Crossy Road,charact
Crunchyroll - Everything Anime,app
Crunchyroll - Everything Anime,charm
Crunchyroll - Everything Anime,complaint
Current debit card and app made for teens,hear
Current debit card and app made for teens,different
Curriculum vitae App CV Builder Free Resume Maker,awesome
Curriculum vitae App CV Builder Free Resume Maker,create
Curriculum vitae App CV Builder Free Resume Maker,attractive
Curriculum vitae App CV Builder Free Resume Maker,resu
Curso de Ingles Gratis,best
Cut the Rope 2,ru
Cut the Rope FULL FREE,ridiculous
DC Comics,subscription
DC Comics,service
DC Comics,Comixolog
DC Super Hero Girlsâ„?I'm young teen I love game u put things avatar please stuff thanks anyways,Positive
DC Super Hero Girlsâ„?Good entertaining I hope update future character minigames,Positive
DC Super Hero Girlsâ„?It might devise using make slow,Negative
DC Super Hero Girlsâ„?Please put stuff otherwise fine already epicly amazing,Positive
DC Super Hero Girlsâ„?I like though slow,Negative
DC Super Hero Girlsâ„?I can't believe amazing add stuff it'll great game,Positive
DC Super Hero Girlsâ„?I like very nice,Positive
DC Super Hero Girlsâ„?It wasma good game got boring,Negative
DC Super Hero Girlsâ„?It dont good glitch,Positive
DC Super Hero Girlsâ„?I downloaded hope worth,Positive
DC Super Hero Girlsâ„?It's good game,Positive
DC Super Hero Girlsâ„?I loved add games play avatar,Positive
DC Super Hero Girlsâ„?I love,Positive
DC Super Hero Girlsâ„?Wonder woman,Neutral
DC Super Hero Girlsâ„?Abegail-love good thing,Positive
DC Super Hero Girlsâ„?This game awesome,Positive
DC Super Hero Girlsâ„?It cool,Positive
DC Super Hero Girlsâ„?Excellent,Positive
DC Super Hero Girlsâ„?liked,Positive
DC Super Hero Girlsâ„?The best cartoon game love dc super hero girls. The I love poison Ivy best write comments like,Positive
"DC Super Hero Girlsâ„?""I like DC Superhero Girls powerful boys",cartoon
"DC Super Hero Girlsâ„?""I like DC Superhero Girls powerful boys",look
DC Super Hero Girlsâ„?I love DC super hero girls much make games thank,Positive
DC Super Hero Girlsâ„?I love game amazing I love Supergirl wonder woman Harley Quinn I think girls love game like,Positive
DC Super Hero Girlsâ„?I love dc super hero girls make games Please,Positive
DC Super Hero Girlsâ„?The greatest game ever really inspires cause superhero Boys,Positive
DC Super Hero Girlsâ„?It's great game . My little sister likes much,Positive
DC Super Hero Girlsâ„?This game much fun loved dress game much fun,Positive
DC Super Hero Girlsâ„?Best game ever!!!!!! I love Dc super hero girls,Positive
"DC Super Hero Girlsâ„?""Great games",everyone
"DC Super Hero Girlsâ„?""Great games",love
"DC Super Hero Girlsâ„?""Great games",app
DC Super Hero Girlsâ„?This best game I ever played,Positive
DC Super Hero Girlsâ„?You add Catwoman great.,Positive
DC Super Hero Girlsâ„?This best games problem music game working I love so much,Positive
DEAD TARGET: FPS Zombie Apocalypse Survival Games,best
DEAD TARGET: FPS Zombie Apocalypse Survival Games,zombie
DEAD TARGET: FPS Zombie Apocalypse Survival Games,game
DEAD TARGET: FPS Zombie Apocalypse Survival Games,con
"DELISH KITCHEN - ç„¡æ–™ãƒ¬ã‚·ãƒ”å‹•ç”»ã§æ–™ç†ã‚’æ¥½ã—ããƒ»ç°¡å˜ã«ï¼?""Everything looks delicious",Ju
"DELISH KITCHEN - ç„¡æ–™ãƒ¬ã‚·ãƒ”å‹•ç”»ã§æ–™ç†ã‚’æ¥½ã—ããƒ»ç°¡å˜ã«ï¼?""I am not good at cooking",great
"DELISH KITCHEN - ç„¡æ–™ãƒ¬ã‚·ãƒ”å‹•ç”»ã§æ–™ç†ã‚’æ¥½ã—ããƒ»ç°¡å˜ã«ï¼?""I am not good at cooking",recommendation
DELISH KITCHEN - ç„¡æ–™ãƒ¬ã‚·ãƒ”å‹•ç”»ã§æ–™ç†ã‚’æ¥½ã—ããƒ»ç°¡å˜ã«ï¼?Love videos!!,Positive
DELISH KITCHEN - ç„¡æ–™ãƒ¬ã‚·ãƒ”å‹•ç”»ã§æ–™ç†ã‚’æ¥½ã—ããƒ»ç°¡å˜ã«ï¼?We have plenty of innovative ideas and everyday cuisine has become fun!,Positive
DELISH KITCHEN - ç„¡æ–™ãƒ¬ã‚·ãƒ”å‹•ç”»ã§æ–™ç†ã‚’æ¥½ã—ããƒ»ç°¡å˜ã«ï¼?I get cooking inspiration lot.,Neutral
DELISH KITCHEN - ç„¡æ–™ãƒ¬ã‚·ãƒ”å‹•ç”»ã§æ–™ç†ã‚’æ¥½ã—ããƒ»ç°¡å˜ã«ï¼?thank,Neutral
"DELISH KITCHEN - ç„¡æ–™ãƒ¬ã‚·ãƒ”å‹•ç”»ã§æ–™ç†ã‚’æ¥½ã—ããƒ»ç°¡å˜ã«ï¼?""thanks to the delishkitchen recipes",Japanese
"DELISH KITCHEN - ç„¡æ–™ãƒ¬ã‚·ãƒ”å‹•ç”»ã§æ–™ç†ã‚’æ¥½ã—ããƒ»ç°¡å˜ã«ï¼?""thanks to the delishkitchen recipes",cuisine
DELISH KITCHEN - ç„¡æ–™ãƒ¬ã‚·ãƒ”å‹•ç”»ã§æ–™ç†ã‚’æ¥½ã—ããƒ»ç°¡å˜ã«ï¼?I can not cook as much as I like it â?I really appreciate it â?You can easily make recipes such as a microwave recipe or a rice cooker,Positive
DELISH KITCHEN - ç„¡æ–™ãƒ¬ã‚·ãƒ”å‹•ç”»ã§æ–™ç†ã‚’æ¥½ã—ããƒ»ç°¡å˜ã«ï¼?Great introduction Japanese food.,Positive
DELISH KITCHEN - ç„¡æ–™ãƒ¬ã‚·ãƒ”å‹•ç”»ã§æ–™ç†ã‚’æ¥½ã—ããƒ»ç°¡å˜ã«ï¼?It is fun and easy to make delicious things.,Positive
DELISH KITCHEN - ç„¡æ–™ãƒ¬ã‚·ãƒ”å‹•ç”»ã§æ–™ç†ã‚’æ¥½ã—ããƒ»ç°¡å˜ã«ï¼?good,Positive
DELISH KITCHEN - ç„¡æ–™ãƒ¬ã‚·ãƒ”å‹•ç”»ã§æ–™ç†ã‚’æ¥½ã—ããƒ»ç°¡å˜ã«ï¼?So useful app! I wish could written English.,Positive
DELISH KITCHEN - ç„¡æ–™ãƒ¬ã‚·ãƒ”å‹•ç”»ã§æ–™ç†ã‚’æ¥½ã—ããƒ»ç°¡å˜ã«ï¼?Helpful busy mum give good inspiration,Positive
DELISH KITCHEN - ç„¡æ–™ãƒ¬ã‚·ãƒ”å‹•ç”»ã§æ–™ç†ã‚’æ¥½ã—ããƒ»ç°¡å˜ã«ï¼?nice app! It'd better English subtitle like international cousins!,Positive
DELISH KITCHEN - ç„¡æ–™ãƒ¬ã‚·ãƒ”å‹•ç”»ã§æ–™ç†ã‚’æ¥½ã—ããƒ»ç°¡å˜ã«ï¼?Great,Positive
DELISH KITCHEN - ç„¡æ–™ãƒ¬ã‚·ãƒ”å‹•ç”»ã§æ–™ç†ã‚’æ¥½ã—ããƒ»ç°¡å˜ã«ï¼?Convenient and easy to use!,Positive
DELISH KITCHEN - ç„¡æ–™ãƒ¬ã‚·ãƒ”å‹•ç”»ã§æ–™ç†ã‚’æ¥½ã—ããƒ»ç°¡å˜ã«ï¼?Useful,Positive
DELISH KITCHEN - ç„¡æ–™ãƒ¬ã‚·ãƒ”å‹•ç”»ã§æ–™ç†ã‚’æ¥½ã—ããƒ»ç°¡å˜ã«ï¼?Helpful easy understand tutorial thank admin keep,Positive
"DELISH KITCHEN - ç„¡æ–™ãƒ¬ã‚·ãƒ”å‹•ç”»ã§æ–™ç†ã‚’æ¥½ã—ããƒ»ç°¡å˜ã«ï¼?""Easy recipe",anyone
DELISH KITCHEN - ç„¡æ–™ãƒ¬ã‚·ãƒ”å‹•ç”»ã§æ–™ç†ã‚’æ¥½ã—ããƒ»ç°¡å˜ã«ï¼?best support every time.,Positive
DELISH KITCHEN - ç„¡æ–™ãƒ¬ã‚·ãƒ”å‹•ç”»ã§æ–™ç†ã‚’æ¥½ã—ããƒ»ç°¡å˜ã«ï¼?It's good application. Easy see many good menu children adult.,Positive
DELISH KITCHEN - ç„¡æ–™ãƒ¬ã‚·ãƒ”å‹•ç”»ã§æ–™ç†ã‚’æ¥½ã—ããƒ»ç°¡å˜ã«ï¼?___ ___ ___ ___ ___ 0,Neutral
DELISH KITCHEN - ç„¡æ–™ãƒ¬ã‚·ãƒ”å‹•ç”»ã§æ–™ç†ã‚’æ¥½ã—ããƒ»ç°¡å˜ã«ï¼?There is nothing troubling with the story of cooking anymore!,Neutral
DELISH KITCHEN - ç„¡æ–™ãƒ¬ã‚·ãƒ”å‹•ç”»ã§æ–™ç†ã‚’æ¥½ã—ããƒ»ç°¡å˜ã«ï¼?easy fallow,Positive
"DELISH KITCHEN - ç„¡æ–™ãƒ¬ã‚·ãƒ”å‹•ç”»ã§æ–™ç†ã‚’æ¥½ã—ããƒ»ç°¡å˜ã«ï¼?""Easy follow",quick
"DELISH KITCHEN - ç„¡æ–™ãƒ¬ã‚·ãƒ”å‹•ç”»ã§æ–™ç†ã‚’æ¥½ã—ããƒ»ç°¡å˜ã«ï¼?""Easy follow",make
DINO HUNTER: DEADLY SHORES,game
DINO HUNTER: DEADLY SHORES,great
DIY Garden Ideas,greatest
DIY Garden Ideas,garden
DIY Garden Ideas,design
DMV Permit Practice Test 2018 Edition,test
DMV Permit Practice Test 2018 Edition,bf
DMV Permit Practice Test 2018 Edition,mom
DMV Permit Practice Test 2018 Edition,dri
DRAGON BALL LEGENDS,ultimate
DRAGON BALL LEGENDS,mobile
DRAGON BALL LEGENDS,game
DRAGON BALL LEGENDS,fan
DSLR Camera Hd Ultra Professional,normal
DSLR Camera Hd Ultra Professional,camera
DSLR Camera Hd Ultra Professional,..
DSLR Camera Hd Ultra Professional,body
DStv Now,usability
DStv Now,new
DStv Now,TV
DU Browserâ€”Browse fast & fun,great
DU Browserâ€”Browse fast & fun,latest
DU Browserâ€”Browse fast & fun,update
"DU Recorder â€?Screen Recorder, Video Editor, Live",good
"DU Recorder â€?Screen Recorder, Video Editor, Live",editing
"DU Recorder â€?Screen Recorder, Video Editor, Live",vi
Debonairs Pizza,option
Debonairs Pizza,cancel
Debonairs Pizza,time
Debonairs Pizza,frame
Delta Dental,Update
Delta Dental,update
Delta Dental,den
Despegar.com Hoteles y Vuelos,nice
Despegar.com Hoteles y Vuelos,problem
Despegar.com Hoteles y Vuelos,yo
Detector de Radares Gratis,good
Device Help,update
Device Help,ok
Device Help,work
Device Help,co
Diabetes & Diet Tracker,way
Diabetes & Diet Tracker,base
Diabetes & Diet Tracker,refu
Diabetes:M,important
Diabetes:M,place
Diamond Zipper Lock Screen,home
Diamond Zipper Lock Screen,screen
Die TK-App â€?alles im Griff,fingerprint
Die TK-App â€?alles im Griff,login
Die TK-App â€?alles im Griff,unreliable
Die TK-App â€?alles im Griff,p
Digg,Unmatched
Digg,interfac
DigiCal Calendar Agenda,lot
DigiCal Calendar Agenda,calendar
DigiCal Calendar Agenda,start
DigiCal Calendar Agenda,track
Digit Save Money Automatically,UPDATED
Digit Save Money Automatically,process
Digit Save Money Automatically,bank
Digit Save Money Automatically,get
Digit Save Money Automatically,connec
Digital Alarm Clock,new
Digital Alarm Clock,version
Dil Mil,glitchy
Dil Mil,Indian
Dil Mil,government
Dino War: Rise of Beasts,pack
DisneyNOW â€?TV Shows & Games,perfect
DisneyNOW â€?TV Shows & Games,whole
DisneyNOW â€?TV Shows & Games,family
DisneyNOW â€?TV Shows & Games,littler
Do It Later: Tasks & To-Dos,great
Do It Later: Tasks & To-Dos,procrastinator
Do It Later: Tasks & To-Dos,sugg
Docs To Goâ„?Free Office Suite,file
Docs To Goâ„?Free Office Suite,open
Docs To Goâ„?Free Office Suite,message
Docs To Goâ„?Free Office Suite,int
Dog Licks Screen Wallpaper,boring
Dog Licks Screen Wallpaper,wallpa
Dog Sim Online: Raise a Family,game
Dog Sim Online: Raise a Family,u
Dog Sim Online: Raise a Family,little
Dog Sim Online: Raise a Family,kid
Dominos Game âœ”ï¸,version
Dominos Game âœ”ï¸,much
Dominos Game âœ”ï¸,lo
"Domofond ĞĞµĞ´Ğ²Ğ¸Ğ¶Ğ¸Ğ¼Ğ¾ÑÑ‚ÑŒ. ĞšÑƒĞ¿Ğ¸Ñ‚ÑŒ, ÑĞ½ÑÑ‚ÑŒ ĞºĞ²Ğ°Ñ€Ñ‚Ğ¸Ñ€Ñƒ.",examp
Doodle Jump,best
Doodle Jump,mobile
Doodle Jump,time
Door Lock Screen,good
DoorDash - Food Delivery,Update
DoorDash - Food Delivery,Nothing
DoorDash - Food Delivery,authentication
DoorDash - Food Delivery,iss
Dosecast - Medication Reminder,lot
Down Dog: Great Yoga Anywhere,best
Down Dog: Great Yoga Anywhere,yoga
Down Dog: Great Yoga Anywhere,home
Down Dog: Great Yoga Anywhere,expert
Dr. Oetker Rezeptideen,ingredient
Dr. Panda Restaurant 3,food
Dr. Panda Restaurant 3,make
Dr. Panda Restaurant 3,mu
Dr. Panda Town: Vacation,everything
Dr. Panda Town: Vacation,cost
Dr. Panda Town: Vacation,money
Dr. Panda Town: Vacation,money
Dr. Panda Town: Vacation,bu
DraftKings - Daily Fantasy Sports,great
DraftKings - Daily Fantasy Sports,fun
DraftKings - Daily Fantasy Sports,site/app
DraftKings - Daily Fantasy Sports,favorite
DraftKings - Daily Fantasy Sports,sport
DreamWorks Friends,character
DreamWorks Friends,rip
Dresses Ideas & Fashions +3000,dress
Dresses Ideas & Fashions +3000,issue
Droid Zap by Motorola,phone
Droid Zap by Motorola,tablet
Droid Zap by Motorola,nice
DroidAdmin for Android - Advice,many
DroidAdmin for Android - Advice,bad
Dropbox,new
Dropbox,box
Dropbox,n
Drugs.com Medication Guide,let
Drugs.com Medication Guide,create
Drugs.com Medication Guide,several
Dude Perfect 2,thought
Dude Perfect 2,game
Dude Perfect 2,positive
Dude Perfect 2,comment
Dumb Ways to Die 2: The Games,game
Dumb Ways to Die 2: The Games,reason
Dumb Ways to Die 2: The Games,many
Dumb Ways to Die 2: The Games,hard
Dumb Ways to Die 2: The Games,obsta
Dungeon Hunter Champions: Epic Online Action RPG,pvp
Dungeon Hunter Champions: Epic Online Action RPG,arena
Dungeon Hunter Champions: Epic Online Action RPG,r
Dunkin' Donuts,many
Dunkin' Donuts,customizatio
Duolingo: Learn Languages Free,awesome
Duolingo: Learn Languages Free,sure
Duolingo: Learn Languages Free,couple
Duolingo: Learn Languages Free,actual
DuraSpeed,Good
DuraSpeed,monitoring
DuraSpeed,device
DuraSpeed,performance
DuraSpeed,bug
E*TRADE Mobile,log
E*TRADE Mobile,website
E*TRADE Mobile,permission
Easy Hair Style Design,good
Easy Hair Style Design,amazing
Easy Hair Style Design,try
Easy Healthy Recipes,app
Easy Installer - Apps On SD,worst
Easy Installer - Apps On SD,misleading
Easy Installer - Apps On SD,lot
Easy Makeup Tutorials,bunch
Easy Makeup Tutorials,someone
Easy Origami Ideas,Pathetic
Easy Origami Ideas,app
Easy Origami Ideas,proper
Easy Recipes,American
Easy Recipes,cant
Easy Recipes,source
Easy Recipes,ing
Easy Voice Recorder,ok
Easy Voice Recorder,trouble
Easy Voice Recorder,phone
Easy Voice Recorder,type
Easy Voice Recorder,na
EasyBib: Citation Generator,format
EasyBib: Citation Generator,hel
Eat Fit - Diet and Health Free,initial
Eat24 Food Delivery & Takeout,many
Eat24 Food Delivery & Takeout,company
Eat24 Food Delivery & Takeout,come
EatStreet Food Delivery App,good
EatStreet Food Delivery App,order
EatStreet Food Delivery App,food
"Ebates: Cash Back, Coupons, Rewards & Savings",way
"Ebates: Cash Back, Coupons, Rewards & Savings",add
"Ebates: Cash Back, Coupons, Rewards & Savings",receip
Ebook Reader,good
Ebook Reader,want
Ebook Reader,navigate
Ebook Reader,c
Ecobank Mobile Banking,account
Edmodo,password
Edmodo,disaster
Edmodo,half
Edmodo,change
Educational Games 4 Kids,many
Educational Games 4 Kids,little
Educational Games 4 Kids,stuck
El tiempo de AEMET,time
English-Myanmar Dictionary,system
English-Myanmar Dictionary,setup
English-Myanmar Dictionary,other
English-Myanmar Dictionary,close
English-Myanmar Dictionary,history
English-Myanmar Dictionary,deactive.B
Entel,access
Enterprise Rent-A-Car,nice
Enterprise Rent-A-Car,clean
Enterprise Rent-A-Car,overall
Enterprise Rent-A-Car,experience
Enterprise Rent-A-Car,app
Enterprise Rent-A-Car,tw
Episode - Choose Your Story,game
Episode - Choose Your Story,many
Episode - Choose Your Story,right
Episode - Choose Your Story,cho
Epocrates Plus,disappointed
Epocrates Plus,time
Epocrates Plus,immediate
Equestria Girls,game
Equestria Girls,buuuuuut
Equestria Girls,.......
Essential Anatomy 3,work
Essential Anatomy 3,anatomy
Essential Anatomy 3,android
Essential Anatomy 3,....
Essential Resources,single
Essential Resources,feature
Essential Resources,request
Essential Resources,essential
Etsy: Handmade & Vintage Goods,check
Etta Homes,good
Etta Homes,r
Eurosport,earth
Eurosport,possible
Eurosport,make
Eurosport,difficult
Eurosport,unstable
"Eve Period Tracker - Love, Sex & Relationships App",good
"Eve Period Tracker - Love, Sex & Relationships App",much
"Eve Period Tracker - Love, Sex & Relationships App",detai
Evie Launcher,launcher
Evie Launcher,stable
ExDialer - Dialer & Contacts,first
ExDialer - Dialer & Contacts,time
ExDialer - Dialer & Contacts,rate
ExDialer - Dialer & Contacts,app
ExDialer - Dialer & Contacts,rate
ExDialer - Dialer & Contacts,r
"Expedia Hotels, Flights & Car Rental Travel Deals",show
"Expedia Hotels, Flights & Car Rental Travel Deals",list
Expense IQ Money Manager,ive
Expense IQ Money Manager,awesome
Experian - Free Credit Report,Experian
Experian - Free Credit Report,utmost
Experian - Free Credit Report,suck
Experian - Free Credit Report,life
Extreme Car Driving Simulator,great
Extreme Car Driving Simulator,game
Extreme Car Driving Simulator,car
Extreme Match,game
Extreme Racing 2 - Real driving RC cars game!,ok
Extreme Racing 2 - Real driving RC cars game!,manual
Extreme Racing 2 - Real driving RC cars game!,acceleration
EyeCloud,several
EyeCloud,Simp
EyeEm - Camera & Photo Filter,app
EyeEm - Camera & Photo Filter,great
EyeEm - Camera & Photo Filter,di
EzCalculator,add
EzCalculator,app
EzCalculator,time
FBReader: Favorite Book Reader,Most
FBReader: Favorite Book Reader,useful
FBReader: Favorite Book Reader,mb
FBReader: Favorite Book Reader,epub
FBReader: Favorite Book Reader,b
FERZU - Furries Social Network,needs
FERZU - Furries Social Network,improvement
FERZU - Furries Social Network,concept
"FIFA - Tournaments, Soccer News & Live Scores",table
FINAL FANTASY BRAVE EXVIUS,month
FINAL FANTASY BRAVE EXVIUS,gacha
FINAL FANTASY BRAVE EXVIUS,i
FOSSIL Q: DESIGN YOUR DIAL,activity
FOSSIL Q: DESIGN YOUR DIAL,counter
FOSSIL Q: DESIGN YOUR DIAL,work
FOX,last
FOX,update
FOX,clos
FOX NOW - On Demand & Live TV,past
FOX NOW - On Demand & Live TV,home
FOX NOW - On Demand & Live TV,screen
FOX NOW - On Demand & Live TV,nice
FOX NOW - On Demand & Live TV,option
"FOX Sports: Live Streaming, Scores & News",close
"FOX Sports: Live Streaming, Scores & News",real
"FOX Sports: Live Streaming, Scores & News",time
"FOX Sports: Live Streaming, Scores & News",get
"FOX Sports: Live Streaming, Scores & News",sport
"FOX Sports: Live Streaming, Scores & News",slot
"FOX Sports: Live Streaming, Scores & News",bi
"Fabulous: Motivate Me! Meditate, Relax, Sleep",healthy
Facebook,different
Facebook,browser
Facebook Ads Manager,functional
Facebook Local,worst
Facebook Local,proper
Facebook Local,date
Facebook Local,l
Facebook Pages Manager,massive
Facebook Pages Manager,least
Facebook Pages Manager,week
Facebook Pages Manager,necessar
Fallout Shelter,game
Fallout Shelter,fun
Fallout Shelter,able
Fallout Shelter,see
Fallout Shelter,differ
Family Album Mitene: Private Photo & Video Sharing,great
Family Album Mitene: Private Photo & Video Sharing,way
Family Album Mitene: Private Photo & Video Sharing,family
Family Dollar,horrible
Family Dollar,Sure
Family Dollar,clip
Family Dollar,moment
Family GPS Tracker and Chat + Baby Monitor Online,Excellent
Family GPS tracker KidControl + GPS by SMS Locator,week
Family GPS tracker KidControl + GPS by SMS Locator,accurate
Family GPS tracker KidControl + GPS by SMS Locator,easy
Family GPS tracker KidControl + GPS by SMS Locator,use
Family GPS tracker KidControl + GPS by SMS Locator,Q
FamilySearch Tree,ok
FamilySearch Tree,point
FamilySearch Tree,real
FamilySearch Tree,information
FamilySearch Tree,get
FamilySearch Tree,pay
FanDuel: Daily Fantasy Sports,case
FanDuel: Daily Fantasy Sports,trash
FanDuel: Daily Fantasy Sports,Good
FanDuel: Daily Fantasy Sports,help
Fandango Movies - Times + Tickets,convenience
Fandango Movies - Times + Tickets,search
Fandango Movies - Times + Tickets,movie
Fandango Movies - Times + Tickets,second
Fandango Movies - Times + Tickets,ser
Fantasy Football,ok
Fantasy Football,final
Fantasy Football,layout
Fantasy Football,year
Fantasy Football Manager (FPL),launch
Fantasy Football Manager (FPL),crash
Fantasy Football Manager (FPL),star
Farm Fruit Pop: Party Time,great
Farm Fruit Pop: Party Time,time
Farm Fruit Pop: Party Time,passer
Farm Fruit Pop: Party Time,way
Farming Simulator 18,Great
Farming Simulator 18,game
Farming Simulator 18,game
Farming Simulator 18,great
Farming Simulator 18,recentl
Fashion in Vogue,connect
Fast News,effort
Fast News,read
Fast News,article
Fast News,picture
Fast Scanner : Free PDF Scan,Simple
Fast Scanner : Free PDF Scan,use
Fast Scanner : Free PDF Scan,ridiculous
Fast Scanner : Free PDF Scan,way
Fast Secure VPN,work
Fast Secure VPN,patchy
Fast Secure VPN,connection
"FastMeet: Chat, Dating, Love",waste
"FastMeet: Chat, Dating, Love",restart
"FastMeet: Chat, Dating, Love",phone
"FastMeet: Chat, Dating, Love",rei
Fat Burning Workout - Home Weight lose,loss
Fat Burning Workout - Home Weight lose,conscious
Fate/Grand Order (English),hard
Fate/Grand Order (English),get
Fate/Grand Order (English),star
Fate/Grand Order (English),TRUE
Fate/Grand Order (English),sta
File Explorer,external
File Explorer,d
Files Go by Google: Free up space on your phone,someone
Files Go by Google: Free up space on your phone,simple
Files Go by Google: Free up space on your phone,advanced
FilterGrid - Cam&Photo Editor,thing
FilterGrid - Cam&Photo Editor,fliter
FilterGrid - Cam&Photo Editor,part
FilterGrid - Cam&Photo Editor,cant
FilterGrid - Cam&Photo Editor,choose
FilterGrid - Cam&Photo Editor,tho
Filters for Selfie,trash
Final Fantasy XV: A New Empire,play
Final Fantasy XV: A New Empire,game
Final Fantasy XV: A New Empire,able
Financial Times,chews
Find Dining Restaurant Finder,developer
Find Dining Restaurant Finder,first
Find&Save - Local Shopping,great
Find&Save - Local Shopping,first
Find&Save - Local Shopping,worth
FindShip,long
FindShip,time
FindShip,last
FindShip,week
FindShip,anything
Firefox Browser fast & private,company
Firefox Browser fast & private,favorit
Firefox Focus: The privacy browser,Worst
Firefox Focus: The privacy browser,Update
Fishdom,good
Fishdom,game
Fishdom,addictive
Fishdom,idea
Flashlight HD LED,fine
Flashlight HD LED,bright
Flickr,lot
Flickr,time
Flickr,example
Flickr,edit
Flight & Hotel Booking App - ixigo,pleased
Flight & Hotel Booking App - ixigo,ixigo
Flight & Hotel Booking App - ixigo,team
Flightradar24 Flight Tracker,Gold
Flightradar24 Flight Tracker,complain
Flightradar24 Flight Tracker,cost
Flightradar24 Flight Tracker,subscription
Flights,Excellent
Flip the Gun - Simulator Game,fun
Flip the Gun - Simulator Game,casual
Flip the Gun - Simulator Game,simple
Flip the Gun - Simulator Game,easy
Flip the Gun - Simulator Game,addicting
Flip the Gun - Simulator Game,game
Flipp - Weekly Shopping,app
Flippy Campus - Buy & sell on campus at a discount,good
FlirtChat - â™¥Free Dating/Flirting Appâ™?It's best I login far.. Simply best,Positive
FlirtChat - â™¥Free Dating/Flirting Appâ™?It's perfect dating chat people Face time,Positive
FlirtChat - â™¥Free Dating/Flirting Appâ™?Wonderful app.. best I must confess. You need here. Wonderful,Positive
FlirtChat - â™¥Free Dating/Flirting Appâ™?adv,Neutral
FlirtChat - â™¥Free Dating/Flirting Appâ™?Too many ads,Positive
FlirtChat - â™¥Free Dating/Flirting Appâ™?Flirt search lady,Neutral
FlirtChat - â™¥Free Dating/Flirting Appâ™?It's quite good chatting,Positive
FlirtChat - â™¥Free Dating/Flirting Appâ™?Trying,Neutral
FlirtChat - â™¥Free Dating/Flirting Appâ™?Usefulapps,Neutral
FlirtChat - â™¥Free Dating/Flirting Appâ™?Great,Positive
FlirtChat - â™¥Free Dating/Flirting Appâ™?It great,Positive
FlirtChat - â™¥Free Dating/Flirting Appâ™?Nice,Positive
FlirtChat - â™¥Free Dating/Flirting Appâ™?Love,Positive
FlirtChat - â™¥Free Dating/Flirting Appâ™?Good,Positive
"FlirtChat - â™¥Free Dating/Flirting Appâ™?""",functional
"FlirtChat - â™¥Free Dating/Flirting Appâ™?""",pretty
FlirtChat - â™¥Free Dating/Flirting Appâ™?Fake accounts ++ . Tested remote part Australia nearest possible user 5km away. Got many hits toilet seats Southern cross station (melbourne).,Negative
Floor Plan Creator,addictive
Floor Plan Creator,sug
Flow Free,daily
Flow Free,new
Flow Free,size
Flowers Live Wallpaper,tacky
Flowers Live Wallpaper,everyth
Fly Delta,useful
Fly Delta,full
FollowMyHealthÂ®,doctor
FollowMyHealthÂ®,best
FollowMyHealthÂ®,pat
Font Studio- Photo Texts Image,ton
Font Studio- Photo Texts Image,sort
Font Studio- Photo Texts Image,ad
Font Studio- Photo Texts Image,sinc
Food Calorie Calculator,permission
Food Calorie Calculator,manage
Food Calorie Calculator,phone
Food Calorie Calculator,reaso
Food Network,favorite
Food Network,apps
Fooducate Healthy Weight Loss & Calorie Counter,good
Fooducate Healthy Weight Loss & Calorie Counter,food
Fooducate Healthy Weight Loss & Calorie Counter,see
Fooducate Healthy Weight Loss & Calorie Counter,bad
Fooducate Healthy Weight Loss & Calorie Counter,explan
Football Live Scores,fine
Football Live Scores,old
Football Live Scores,xiaomi
Football Live Scores,phone
ForecaWeather,accurate
ForecaWeather,weather
ForecaWeather,area
ForecaWeather,widget
Fortune City - A Finance App,app
Fortune City - A Finance App,version
Four In A Line,perfect
Four In A Line,intrusive
Four In A Line,star
Four In A Line Free,best
Four In A Line Free,Most
Four In A Line Free,impor
Foursquare City Guide,load
Foursquare City Guide,pull
Foursquare Swarm: Check In,widget
Foursquare Swarm: Check In,......
Fox Business,Good
Fox Business,quality
Fox Business,coverage
Fox Business,world
Fox Business,stock
Fox Business,mark
"Fox News â€?Breaking News, Live Video & News Alerts",live
"Fox News â€?Breaking News, Live Video & News Alerts",stream
"Fox News â€?Breaking News, Live Video & News Alerts",Conta
Free & Premium VPN - FinchVPN,register
Free & Premium VPN - FinchVPN,anything
Free & Premium VPN - FinchVPN,free
"Free Dating App - YoCutie - Flirt, Chat & Meet",old
"Free Dating App - YoCutie - Flirt, Chat & Meet",rea
Free Dating Hook Up Messenger,many
Free Foreclosure Real Estate Search by USHUD.com,mortgage
Free Foreclosure Real Estate Search by USHUD.com,lender
Free Foreclosure Real Estate Search by USHUD.com,advertising
Free Foreclosure Real Estate Search by USHUD.com,app
Free Foreclosure Real Estate Search by USHUD.com,scam
"Free TV Shows App:News, TV Series, Episode, Movies",terrific
Free live weather on screen,app
Free live weather on screen,appreciate
"Free phone calls, free texting SMS on free number",pick
"Free phone calls, free texting SMS on free number",phone
"Free phone calls, free texting SMS on free number",number
"Free phone calls, free texting SMS on free number",major
FreePrints â€?Free Photos Delivered,good
FreePrints â€?Free Photos Delivered,review
Freeletics: Personal Trainer & Fitness Workouts,way
Freeletics: Personal Trainer & Fitness Workouts,free
Freeletics: Personal Trainer & Fitness Workouts,app
Freeletics: Personal Trainer & Fitness Workouts,....
Fresh EBT - Food Stamp Balance,long
Fresh EBT - Food Stamp Balance,time
Fresh EBT - Food Stamp Balance,tired
Fresh EBT - Food Stamp Balance,ask
FreshBooks Classic,see
FreshBooks Classic,support
Frontback - Social Photos,Many
Frontback - Social Photos,action
Frontback - Social Photos,automatic
Frontback - Social Photos,time
Frozen Free Fall,game
Frozen Free Fall,however-
Frozen Free Fall,game
Frozen Free Fall,uninstall
Frozen Free Fall,r
Fruit Block - Puzzle Legend,problem
Fruit Block - Puzzle Legend,problem
Fruits Bomb,great
Fruits Bomb,game
Fruits Bomb,level
Fuelio: Gas log & costs,impact
Fuelio: Gas log & costs,Average
Fuelio: Gas log & costs,cost
Fuelio: Gas log & costs,kilometer
Full Screen Caller ID,much
Full Screen Caller ID,phone
Full Screen Caller ID,phone
Full Screen Caller ID,full
Full Screen Caller ID,pro
Fun Kid Racing,nothing
Fun Kid Racing - Motocross,exist
Fun Kid Racing - Motocross,playstore
Funny Alarm Clock Ringtones,beautiful
Funny Alarm Clock Ringtones,sound
Funny Alarm Clock Ringtones,rooster
Funny Pics,first
Funny Pics,thing
"GANMA! - ã‚ªãƒªã‚¸ãƒŠãƒ«æ¼«ç”»ãŒå…¨è©±ç„¡æ–™ã§èª­ã¿æ”¾é¡?""This application is useful for those studying Japanese! Thank you from Brazil! This useful study Japanese. It looks good GANMA need improvement design! It looks good",good
"GANMA! - ã‚ªãƒªã‚¸ãƒŠãƒ«æ¼«ç”»ãŒå…¨è©±ç„¡æ–™ã§èª­ã¿æ”¾é¡?""This application is useful for those studying Japanese! Thank you from Brazil! This useful study Japanese. It looks good GANMA need improvement design! It looks good",user
"GANMA! - ã‚ªãƒªã‚¸ãƒŠãƒ«æ¼«ç”»ãŒå…¨è©±ç„¡æ–™ã§èª­ã¿æ”¾é¡?""This application is useful for those studying Japanese! Thank you from Brazil! This useful study Japanese. It looks good GANMA need improvement design! It looks good",zoom
"GANMA! - ã‚ªãƒªã‚¸ãƒŠãƒ«æ¼«ç”»ãŒå…¨è©±ç„¡æ–™ã§èª­ã¿æ”¾é¡?""I love this app! You can learn Japanese while reading in Japanese. However",perfect
"GANMA! - ã‚ªãƒªã‚¸ãƒŠãƒ«æ¼«ç”»ãŒå…¨è©±ç„¡æ–™ã§èª­ã¿æ”¾é¡?""I know might little weird ask but",possible
"GANMA! - ã‚ªãƒªã‚¸ãƒŠãƒ«æ¼«ç”»ãŒå…¨è©±ç„¡æ–™ã§èª­ã¿æ”¾é¡?""I know might little weird ask but",english
"GANMA! - ã‚ªãƒªã‚¸ãƒŠãƒ«æ¼«ç”»ãŒå…¨è©±ç„¡æ–™ã§èª­ã¿æ”¾é¡?""I know might little weird ask but",translation
GANMA! - ã‚ªãƒªã‚¸ãƒŠãƒ«æ¼«ç”»ãŒå…¨è©±ç„¡æ–™ã§èª­ã¿æ”¾é¡?The next episode is screen white with a probability of eight. Forced termination every time. There is no other comic book application like this. worst. There was not this before. Did you do it?,Negative
GANMA! - ã‚ªãƒªã‚¸ãƒŠãƒ«æ¼«ç”»ãŒå…¨è©±ç„¡æ–™ã§èª­ã¿æ”¾é¡?Why do not you have a furigana? I am dissatisfied with my reading. = (,Negative
GMAT Math Flashcards,helpful
GMAT Math Flashcards,great
GMAT Math Flashcards,able
GMAT Math Flashcards,flip
GMAT Question Bank,nice
GMAT Question Bank,useful
GMX Mail,attractive
GMX Mail,excellent
GMX Mail,mail
GMX Mail,user
"GO Keyboard - Cute Emojis, Themes and GIFs",HELL
"GO Keyboard - Emoticon keyboard, Free Theme, GIF",phone
"GO Keyboard - Emoticon keyboard, Free Theme, GIF",function
GO Notifier,work
GO Notifier,reason
GO Notifier,counte
"GO SMS Pro - Messenger, Free Themes, Emoji",su
"GPS Speedometer, Distance Meter",idiot
"GPS Speedometer, Distance Meter",turn
GPS Status & Toolbox,long
GPS Status & Toolbox,time
GPS Status & Toolbox,attention
GPS Traffic Speedcam Route Planner by ViaMichelin,navigation
GPS Traffic Speedcam Route Planner by ViaMichelin,apps
GRE Flashcards,addiction
GRE Flashcards,finis
GRE Prep & Practice by Magoosh,high
GRE Prep & Practice by Magoosh,quality
GRE Prep & Practice by Magoosh,video
GRE Tutor,perfect
GRE Tutor,score
GRE Tutor,verbal
GRE Tutor,great
GUNSHIP BATTLE: Helicopter 3D,game
GUNSHIP BATTLE: Helicopter 3D,addictive
GUNSHIP BATTLE: Helicopter 3D,awesome
Galactic Core Free Wallpaper,Wish
Galactic Core Free Wallpaper,free
Galactic Core Free Wallpaper,version
Galactic Core Free Wallpaper,great
Galactic Core Free Wallpaper,wallpaper
Galaxy Attack: Alien Shooter,part
Galaxy Attack: Alien Shooter,game
Galaxy Attack: Alien Shooter,reason
Galaxy Attack: Alien Shooter,rate
"Game of Thrones: Conquestâ„?""No skill needed play game",lot
"Game of Thrones: Conquestâ„?""No skill needed play game",money
"Game of Thrones: Conquestâ„?""Very much like kingdoms Camelot",app
"Game of Thrones: Conquestâ„?""Very much like kingdoms Camelot",crash
"Game of Thrones: Conquestâ„?""Very much like kingdoms Camelot",bug
Game of Thrones: Conquestâ„?Really I think game sucks,Negative
Garden Coloring Book,book
Garden Coloring Book,ap
Garden Fruit Legend,game
Garden Photo Frames - Garden Photo Editor,app
Garden Photo Frames - Garden Photo Editor,good
Garden Photo Frames - Garden Photo Editor,.....
Gardenscapes,last
Gardenscapes,update
Gardenscapes,game
Garena Free Fire,bolt
Garena Free Fire,action
Garena Free Fire,wou
"Garmin Connectâ„?""Update 4.9.4",sleep
"Garmin Connectâ„?""This relatively useless. After recent update",syncs
"Garmin Connectâ„?""This relatively useless. After recent update",respond
"Garmin Connectâ„?""This relatively useless. After recent update",requ
"Garmin Connectâ„?""My Garmin ViviFit3 connected rarely beginning Samsung Galaxy Tab A (running 7.0)",multille
"Garmin Connectâ„?""My Garmin ViviFit3 connected rarely beginning Samsung Galaxy Tab A (running 7.0)",whike
"Garmin Connectâ„?""Still another update",last
"Garmin Connectâ„?""Still another update",update
Garmin Connectâ„?What absolute crock is. White white text login password. Then connect vivoactive HR. Android see Bluetooth fails. Switch iOS works straight away. Garmin shamed putting junk like this.,Negative
"Garmin Connectâ„?""It's great watch",guys
"Garmin Connectâ„?""It's great watch",fix
"Garmin Connectâ„?""It's great watch",pedometer
"Garmin Connectâ„?""It's great watch",great
"Garmin Connectâ„?""The good. It tracks steps",sleep
"Garmin Connectâ„?""The good. It tracks steps",heart
"Garmin Connectâ„?""The good. It tracks steps",rate
"Garmin Connectâ„?""The good. It tracks steps",cheap
"Garmin Connectâ„?""The good. It tracks steps",st
"Garmin Connectâ„?""Sick back teeth app/watch. If giving wildly inaccurate readings stairs sleeping",sync
"Garmin Connectâ„?""Sick back teeth app/watch. If giving wildly inaccurate readings stairs sleeping",record
"Garmin Connectâ„?""Sick back teeth app/watch. If giving wildly inaccurate readings stairs sleeping",music
"Garmin Connectâ„?""The smart notifications need fixed. Everytime updated",re
Garmin Connectâ„?Always connection issues. Just open close turn Bluetooth several times connects. It's really annoying.,Negative
"Garmin Connectâ„?""It's useful but",friends
"Garmin Connectâ„?""It's useful but",fix
"Garmin Connectâ„?""Love app",weight
"Garmin Connectâ„?""Love app",indoor
"Garmin Connectâ„?""Love app",e
"Garmin Connectâ„?""""""We release new features updates every month"""" Like what? Where they? What's new meant show exactly that",new
Garmin Connectâ„?All sudde fails import/ sync sleep steps data Forerunner 235,Negative
"Garmin Connectâ„?""Great app",problem
"Garmin Connectâ„?""Great app",new
Garmin Connectâ„?Lousy app... connect failed note 7,Negative
"Garmin Connectâ„?""I like app",p20
"Garmin Connectâ„?""I like app",p10
"Garmin Connectâ„?""I like",good
"Garmin Connectâ„?""I like",display
"Garmin Connectâ„?""I like",computer
"Garmin Connectâ„?""I like",mobile
GasBuddy: Find Cheap Gas,large
GasBuddy: Find Cheap Gas,logos
GasBuddy: Find Cheap Gas,top
GasBuddy: Find Cheap Gas,gas
GasBuddy: Find Cheap Gas,sta
Gay Sugar Daddy Dating & Hookup â€?Sudy Gay,difficult
Gay Sugar Daddy Dating & Hookup â€?Sudy Gay,message
Gay Sugar Daddy Dating & Hookup â€?Sudy Gay,someone
Gboard - the Google Keyboard,good
Gboard - the Google Keyboard,slide
Gboard - the Google Keyboard,part
Gboard - the Google Keyboard,Tha
Gems or jewels ?,game
Gems or jewels ?,relaxing
Gems or jewels ?,long
Gems or jewels ?,day
Genius Scan - PDF Scanner,multip
GoBank,good
GoBank,card
GoPro (formerly Capture),concept
GoPro (formerly Capture),aspect
GoPro (formerly Capture),slow
GoPro (formerly Capture),buggy
GoPro (formerly Capture),Uploa
Goal Live Scores,instant
Goal Live Scores,update
Goal Live Scores,in-app
Goal Live Scores,sta
Goibibo - Flight Hotel Bus Car IRCTC Booking App,worst
Goibibo - Flight Hotel Bus Car IRCTC Booking App,customer
Goibibo - Flight Hotel Bus Car IRCTC Booking App,care
Goku Wallpaper Art,wallpaper
Golden Dictionary (EN-AR),sound
Golden Launcher,eating
Golden Launcher,battery
Golden Launcher,hot
Goldstar: Live Event Tickets,customer
Golf Channel,joke
Golf Channel,fast
Golf Channel,sit
Golf Channel,wait
Golf Channel,video
Golf Channel,content
Golf GPS by SwingxSwing,review
Golf GPS by SwingxSwing,tim
GolfLogix GPS + Putt Breaks,stupid
GolfLogix GPS + Putt Breaks,putt
"GolfNow: Tee Time Deals at Golf Courses, Golf GPS",love
"GolfNow: Tee Time Deals at Golf Courses, Golf GPS",app
"GolfNow: Tee Time Deals at Golf Courses, Golf GPS",area
"GolfNow: Tee Time Deals at Golf Courses, Golf GPS",deal
Golfshot Plus: Golf GPS,star
Golfshot Plus: Golf GPS,signal
Golfshot Plus: Golf GPS,c
Golfshot: Golf GPS + Tee Times,recentl
GoodRx Drug Prices and Coupons,differ
Google Ads,terrible
Google Ads,job
Google Ads,something
Google Earth,lot
Google Earth,google
Google Earth,translate
Google Earth,t
Google Fit - Fitness Tracking,rubbish
Google Fit - Fitness Tracking,much
Google Fit - Fitness Tracking,phon
Google Handwriting Input,original
Google Handwriting Input,tablet
Google Handwriting Input,p
Google Keep,reminder
Google Keep,function
Google Keep,loca
Google My Business,cover
Google My Business,photo
Google My Business,new
Google News,phone
Google News,news
Google News,try
Google News,o
Google PDF Viewer,basic
Google Pay,way
Google Pay,view
Google Pay,cash
Google Pay,balance
Graphing Calculator,decent
Grim Soul: Dark Fantasy Survival,interesting
Grim Soul: Dark Fantasy Survival,game
Groovebook Photo Books & Gifts,du
GroupMe,intuitive
GroupMe,easy
GroupMe,use
GroupMe,great
GroupMe,connecting
"Groupon - Shop Deals, Discounts & Coupons",everything
"Groupon - Shop Deals, Discounts & Coupons",groupon
"Groupon - Shop Deals, Discounts & Coupons",exception
Guns of Glory,scam
Guns of Glory,None
Guns of Glory,existent
Guns of Glory,customer
Gyft - Mobile Gift Card Wallet,risk
Gyft - Mobile Gift Card Wallet,gift
Gyft - Mobile Gift Card Wallet,card
Gyft - Mobile Gift Card Wallet,work
Gyft - Mobile Gift Card Wallet,ref
H Pack,app
H Pack,reason
H TV,good
H TV,many
H TV,available
H&M,Horrible
H&M,customer
H&M,order
H&M,app
H&M,shopping
H&M,cart
HBO GO: Stream with TV Package,Excellent
HBO GO: Stream with TV Package,long
HBO GO: Stream with TV Package,content
HD Camera Ultra,review
HD Camera for Android,great
HD Camera for Android,great
HD Camera for Android,anno
HD Movie Video Player,video
HD Movie Video Player,part
HD Movie Video Player,video
HD Movie Video Player,Cr
HD Video Player,place
HD Video Player,video
HD Video Player,p
HD Widgets,weather
HD Widgets,locator
HD Widgets,rig
HESI A2 Pocket Prep,relief
HESI A2 Pocket Prep,test
HESI A2 Pocket Prep,gua
HISTORY: Watch TV Show Full Episodes & Specials,many
HISTORY: Watch TV Show Full Episodes & Specials,l
HTC Help,new
HTC Help,phone
HTC Help,charger
HTC Help,origin
HTC Lock Screen,yesterday
HTC Mail,put
HTC Mail,name
HTC Sense Input,way
HTC Sense Input,change
HTC Sense Input,press
HTC Sense Input-AR,upset
HTC Sense Input-AR,htc
HTC Sense Input-AR,phone
HTC Sense Input-AR,fix
HTC Sense Input-AR,pl
HTC Service ï¼?DLNA,help
HTC Service ï¼?DLNA,phone
HTC Serviceâ€”Video Player,file
HTC Serviceâ€”Video Player,type
HTC Serviceâ€”Video Player,unsupported
HTC Serviceâ€”Video Player,lot
HTC Social Plugin - Facebook,description
HTC Social Plugin - Facebook,please
HTC Social Plugin - Facebook,edit
HTC Social Plugin - Facebook,descript
HTC Speak,success
HTC Speak,ratio
HTC Speak,hard
HTC Speak,time
HTC Speak,re
HTC Weather,problem
HTC Weather,till
HTC Weather,sound
Hacker's Keyboard,damn
Hacker's Keyboard,fine
Hacker's Keyboard,work
Hacker's Keyboard,novelist
Hacker's Keyboard,best
Hacker's Keyboard,ke
Hairstyles step by step,hair
Hairstyles step by step,good
Hairstyles step by step,thing
Hairstyles step by step,cuz
Hairstyles step by step,harder
Hairstyles step by step,stuf
Hamilton â€?The Official App,helpless
Hamilton â€?The Official App,perfect
Hamilton â€?The Official App,huge
Hamilton â€?The Official App,fan
Hangouts,other
Hangouts,profile
Hangouts,fr
Happy Birthday Songs Offline,best
Happy Birthday Songs Offline,many
Happy Birthday Songs Offline,th
Happy Fruits Bomb - Cube Blast,game
Happy Fruits Bomb - Cube Blast,lot
Happy Fruits Bomb - Cube Blast,level
Happy Fruits Bomb - Cube Blast,melon
Happy Fruits Bomb - Cube Blast,fiel
Happy Street,reason
Happy Street,game
Happy Street,star
Happy Street,review
Harkins Theatres,worthless
Harkins Theatres,uninsta
Harry Potter: Hogwarts Mystery,energy
Hay Day,couple
Hay Day,boat
Health and Nutrition Guide,informed
HealtheLife,%
HealtheLife,time
HealtheLife,recent
HealtheLife,update
HealtheLife,load
Healthy Recipes Free,problem
Healthy Recipes Free,immediate
Healthy Recipes Free,shu
Helix Jump,game
Hello Kitty Lunchbox,great
Hello Kitty Lunchbox,game
Hello Kitty Lunchbox,developer
Hello Kitty Lunchbox,fu
Hello Stars,puzzle
Hello Stars,game
"Herpes Dating: 1,000K+ Singles",unreasonable
"Herpes Dating: 1,000K+ Singles",new
"Herpes Dating: 1,000K+ Singles",interface
"Hide Something - Photo, Video",issues.I
"Hide Something - Photo, Video",thumbprint
"Hide Something - Photo, Video",setup
Hideman VPN,monthly
Hideman VPN,subscription
High Blood Pressure Symptoms,free
High Blood Pressure Symptoms,app
High Blood Pressure Symptoms,FALSE
High Blood Pressure Symptoms,advertisement
High-Powered Flashlight,strong
High-Powered Flashlight,light
High-Powered Flashlight,bad
"High-Speed Camera (GIF,Burst)",good
"High-Speed Camera (GIF,Burst)",video
"High-Speed Camera (GIF,Burst)",function
Hill Climb Racing 2,improvement
Hill Climb Racing 2,Change
Hill Climb Racing 2,throttl
"Hily: Dating, Chat, Match, Meet & Hook up",fake
"Hily: Dating, Chat, Match, Meet & Hook up",college
"Hily: Dating, Chat, Match, Meet & Hook up",p
Hinge: Dating & Relationships,UPDATE
Hinge: Dating & Relationships,sync
HipChat - Chat Built for Teams,idle
HipChat - Chat Built for Teams,reconnect
HipChat - Chat Built for Teams,server
HipChat - Chat Built for Teams,sign
HipChat - Chat Built for Teams,time
Hipmunk Hotels & Flights,great
Hipmunk Hotels & Flights,aggregate
Hipmunk Hotels & Flights,app
Hipmunk Hotels & Flights,favorite
Hipmunk Hotels & Flights,bo
Home Decor Showpiece Art making: Medium Difficulty,worst
Home Decor Showpiece Art making: Medium Difficulty,........
Home ScoutingÂ® MLS Mobile,password
Home ScoutingÂ® MLS Mobile,ont
Home Security Camera WardenCam - reuse old phones,intuitive
Home Security Camera WardenCam - reuse old phones,functionality
Home Street â€?Home Design Game,great
Home Street â€?Home Design Game,stuff
Home Street â€?Home Design Game,game
Home Street â€?Home Design Game,much
Home Workout - No Equipment,year
Home Workout - No Equipment,old
Home Workout - No Equipment,woman
Home Workout - No Equipment,practice
Home Workout - No Equipment,pole
Home Workout - No Equipment,fitness
Home Workout for Men - Bodybuilding,wonderful
Home Workout for Men - Bodybuilding,..
Home Workout for Men - Bodybuilding,lot
Home Workout for Men - Bodybuilding,.....
"Homes.com ğŸ  For Sale, Rent",lot
Homesnap Real Estate & Rentals,good
Homesnap Real Estate & Rentals,home
Homesnap Real Estate & Rentals,search
Homesnap Real Estate & Rentals,enough
Homesnap Real Estate & Rentals,filt
Homestyler Interior Design & Decorating Ideas,issue
Homestyler Interior Design & Decorating Ideas,white
Homework Planner,useful
Homework Planner,correc
Honkai Impact 3rd,super
Honkai Impact 3rd,fun
Hopper - Watch & Book Flights,flight
Horoscopes â€?Daily Zodiac Horoscope and Astrology,percent
Horoscopes â€?Daily Zodiac Horoscope and Astrology,compatibility
Horoscopes â€?Daily Zodiac Horoscope and Astrology,relation
Hostelworld: Hostels & Cheap Hotels Travel App,overview
Hostelworld: Hostels & Cheap Hotels Travel App,need
Hotels Combined - Cheap deals,unimpressed
Hotels.com: Book Hotel Rooms & Find Vacation Deals,app
Hotels.com: Book Hotel Rooms & Find Vacation Deals,useless
Hotspot Shield Free VPN Proxy & Wi-Fi Security,free
Hotspot Shield Free VPN Proxy & Wi-Fi Security,trial
Hotspot Shield Free VPN Proxy & Wi-Fi Security,credit
Hotspot Shield Free VPN Proxy & Wi-Fi Security,card
Hotspot Shield Free VPN Proxy & Wi-Fi Security,Stupid
